id_penjualan,id_customer,customer,id_distributor,tanggal,brand_id,brand,nama_barang,kemasan,id_cabang,kota_sales,jumlah_barang,harga,rata_rata_harga,total_barang_terjual,total_penjualan
IN5978_BRG0001,CUST55670,"APOTEK SINAR JAYA",TD,2022-11-06,BRND001,"OGB & PH","ACYCLOVIR DUS",DUS,CAB09,Bekasi,9,1169.91,1169.9100341796875,9,10529.2
IN5979_BRG0009,CUST55598,"APOTEK MAJA",TA,2022-08-26,BRND009,VNS,"AMBROXOL HC",BOTOL,CAB01,Kuningan,18,5780.7,5780.7001953125,18,104053
IN5980_BRG0003,CUST55432,"APOTEK TAPAK",TA,2022-03-13,BRND003,MARCKS,AMPICILLIN,BOTOL,CAB01,Aceh,20,10690.6,10690.599609375,20,213812
IN5981_BRG0004,CUST55443,"APOTEK MERDEKA",EPM,2022-03-24,BRND004,VNS,"TRAMADOL KAPSUL 50 MG",KAPSUL,CAB07,Bandung,76,8700.7,8700.7001953125,76,661253
IN5982_BRG0006,CUST55535,"APOTEK SINAR JAYA",TD,2022-06-24,BRND006,"OGB & PH","KETOCONAZOLE TABLET 200 MG",TABLET,CAB09,Bekasi,5,2819.2,2819.199951171875,5,14096
IN5983_BRG0003,CUST55622,"KLINIK GM",EPM,2022-09-19,BRND003,MARCKS,AMPICILLIN,BOTOL,CAB06,Jakarta,67,10690.6,10690.599609375,67,716270
IN5984_BRG0005,CUST55714,"KLINIK SAHABAT",TD,2022-12-20,BRND005,SLCYL,"KLORPROMAZINA TABLET SALUT SELAPUT 100 MG",TABLET,CAB08,Tangerang,8,5648.3,5648.2998046875,8,45186.4
IN5985_BRG0001,CUST55640,"APOTEK SINAR JAYA",TD,2022-10-07,BRND001,"OGB & PH","ACYCLOVIR DUS",DUS,CAB09,Bekasi,22,1169.91,1169.9100341796875,22,25738
IN5986_BRG0002,CUST55557,"APOTEK SINAR JAYA",TA,2022-07-16,BRND008,MARCKS,"ALERGINE TABLET SALUT",DUS,CAB01,Bekasi,9,3991.9,3991.89990234375,9,35927.1
IN5987_BRG0010,CUST55659,"KLINIK GM",EPM,2022-10-26,BRND010,SLCYL,PARACETAMOL,BOTOL,CAB02,Jakarta,14,6940.3,6940.2998046875,14,97164.2
IN5988_BRG0002,CUST55551,"APOTEK SAHABAT",EPM,2022-07-10,BRND002,ETIKAL,"ALERGINE TABLET SALUT",DUS,CAB10,Padang,10,2337.5,2337.5,10,23375
IN5989_BRG0010,CUST55719,"KLINIK GM",TA,2022-12-25,BRND010,SLCYL,PARACETAMOL,BOTOL,CAB02,Jakarta,67,6940.3,6940.2998046875,67,465000
IN5990_BRG0001,CUST55706,"KLINIK SAHABAT",TA,2022-12-12,BRND007,ETIKAL,"ACYCLOVIR DUS",DUS,CAB01,Tangerang,10,4592.1,4592.10009765625,10,45921
IN5991_BRG0005,CUST55414,"KLINIK SAHABAT",TD,2022-02-23,BRND005,SLCYL,"KLORPROMAZINA TABLET SALUT SELAPUT 100 MG",TABLET,CAB08,Tangerang,24,5648.3,5648.2998046875,24,135559
IN5992_BRG0002,CUST55707,"APOTEK SINAR JAYA",EPM,2022-12-13,BRND008,MARCKS,"ALERGINE TABLET SALUT",DUS,CAB01,Bekasi,23,3991.9,3991.89990234375,23,91813.7
IN5993_BRG0002,CUST55671,"APOTEK SAHABAT",TD,2022-11-07,BRND002,ETIKAL,"ALERGINE TABLET SALUT",DUS,CAB10,Padang,1,2337.5,2337.5,1,2337.5
IN5994_BRG0002,CUST55411,"APOTEK MAJA",TD,2022-02-20,BRND002,ETIKAL,"ALERGINE TABLET SALUT",DUS,CAB05,Kuningan,12,2337.5,2337.5,12,28050
IN5995_BRG0008,CUST55607,"KLINIK GM",TD,2022-09-04,BRND008,MARCKS,"TETRACYCLINE KAPSUL 250 MG",KAPSUL,CAB06,Jakarta,14,3991.9,3991.89990234375,14,55886.6
IN5996_BRG0007,CUST55656,"APOTEK SAHABAT",EPM,2022-10-23,BRND007,ETIKAL,"ERGOTAMINE COFFEINE",BOTOL,CAB10,Padang,22,4592.1,4592.10009765625,22,101026
IN5997_BRG0001,CUST55380,"APOTEK TAPAK",TD,2022-01-20,BRND001,"OGB & PH","ACYCLOVIR DUS",DUS,CAB01,Aceh,1,1169.91,1169.9100341796875,1,1169.91
IN5998_BRG0001,CUST55610,"APOTEK SINAR JAYA",TD,2022-09-07,BRND001,"OGB & PH","ACYCLOVIR DUS",DUS,CAB09,Bekasi,23,1169.91,1169.9100341796875,23,26907.9
IN5999_BRG0003,CUST55632,"APOTEK SINAR JAYA",EPM,2022-09-29,BRND003,MARCKS,AMPICILLIN,BOTOL,CAB01,Bekasi,5,10690.6,10690.599609375,5,53453
IN6000_BRG0008,CUST55717,"APOTEK TAPAK",EPM,2022-12-23,BRND008,MARCKS,"TETRACYCLINE KAPSUL 250 MG",KAPSUL,CAB01,Aceh,7,3991.9,3991.89990234375,7,27943.3
IN6001_BRG0004,CUST55603,"APOTEK SAHABAT",TD,2022-08-31,BRND004,VNS,"TRAMADOL KAPSUL 50 MG",KAPSUL,CAB02,Padang,21,8700.7,8700.7001953125,21,182715
IN6002_BRG0007,CUST55546,"APOTEK MAJA",TD,2022-07-05,BRND007,ETIKAL,"ERGOTAMINE COFFEINE",BOTOL,CAB05,Kuningan,14,4592.1,4592.10009765625,14,64289.4
IN6003_BRG0005,CUST55424,"KLINIK DR. ANDRI",TD,2022-03-05,BRND005,SLCYL,"KLORPROMAZINA TABLET SALUT SELAPUT 100 MG",TABLET,CAB03,Lampung,9,5648.3,5648.2998046875,9,50834.7
IN6004_BRG0010,CUST55729,"KLINIK SAHABAT",TA,2023-01-04,BRND010,SLCYL,PARACETAMOL,BOTOL,CAB08,Tangerang,5,6940.3,6940.2998046875,5,34701.5
IN6005_BRG0008,CUST55447,"APOTEK TAPAK",EPM,2022-03-28,BRND008,MARCKS,"TETRACYCLINE KAPSUL 250 MG",KAPSUL,CAB01,Aceh,12,3991.9,3991.89990234375,12,47902.8
IN6006_BRG0005,CUST55554,"KLINIK GM",TA,2022-07-13,BRND005,SLCYL,"KLORPROMAZINA TABLET SALUT SELAPUT 100 MG",TABLET,CAB02,Jakarta,5,5648.3,5648.2998046875,5,28241.5
IN6007_BRG0006,CUST55715,"APOTEK SINAR JAYA",TD,2022-12-21,BRND006,"OGB & PH","KETOCONAZOLE TABLET 200 MG",TABLET,CAB09,Bekasi,9,2819.2,2819.199951171875,9,25372.8
IN6008_BRG0004,CUST55469,"KLINIK DR. ANDRI",TA,2022-04-19,BRND010,SLCYL,"TRAMADOL KAPSUL 50 MG",KAPSUL,CAB03,Lampung,12,6940.3,6940.2998046875,12,83283.6
IN6009_BRG0008,CUST55637,"KLINIK GM",TD,2022-10-04,BRND008,MARCKS,"TETRACYCLINE KAPSUL 250 MG",KAPSUL,CAB06,Jakarta,76,3991.9,3991.89990234375,76,303384
IN6010_BRG0001,CUST55676,"KLINIK SAHABAT",EPM,2022-11-12,BRND007,ETIKAL,"ACYCLOVIR DUS",DUS,CAB01,Tangerang,5,4592.1,4592.10009765625,5,22960.5
IN6011_BRG0008,CUST55567,"APOTEK TAPAK",TA,2022-07-26,BRND008,MARCKS,"TETRACYCLINE KAPSUL 250 MG",KAPSUL,CAB01,Aceh,10,3991.9,3991.89990234375,10,39919
IN6012_BRG0003,CUST55712,"KLINIK GM",TA,2022-12-18,BRND003,MARCKS,AMPICILLIN,BOTOL,CAB06,Jakarta,5,10690.6,10690.599609375,5,53453
IN6013_BRG0002,CUST55407,"APOTEK SINAR JAYA",TD,2022-02-16,BRND008,MARCKS,"ALERGINE TABLET SALUT",DUS,CAB01,Bekasi,25,3991.9,3991.89990234375,25,99797.5
IN6014_BRG0002,CUST55591,"APOTEK MAJA",TA,2022-08-19,BRND002,ETIKAL,"ALERGINE TABLET SALUT",DUS,CAB05,Kuningan,34,2337.5,2337.5,34,79475
IN6015_BRG0003,CUST55482,"APOTEK SINAR JAYA",TD,2022-05-02,BRND003,MARCKS,AMPICILLIN,BOTOL,CAB01,Bekasi,5,10690.6,10690.599609375,5,53453
IN6016_BRG0010,CUST55579,"KLINIK SAHABAT",TD,2022-08-07,BRND010,SLCYL,PARACETAMOL,BOTOL,CAB08,Tangerang,5,6940.3,6940.2998046875,5,34701.5
IN6017_BRG0004,CUST55513,"APOTEK SAHABAT",TA,2022-06-02,BRND004,VNS,"TRAMADOL KAPSUL 50 MG",KAPSUL,CAB02,Padang,23,8700.7,8700.7001953125,23,200116
IN6018_BRG0003,CUST55602,"APOTEK SINAR JAYA",EPM,2022-08-30,BRND003,MARCKS,AMPICILLIN,BOTOL,CAB01,Bekasi,14,10690.6,10690.599609375,14,149668
IN6019_BRG0004,CUST55663,"APOTEK SAHABAT",EPM,2022-10-30,BRND004,VNS,"TRAMADOL KAPSUL 50 MG",KAPSUL,CAB02,Padang,12,8700.7,8700.7001953125,12,104408
IN6020_BRG0002,CUST55581,"APOTEK SAHABAT",TA,2022-08-09,BRND002,ETIKAL,"ALERGINE TABLET SALUT",DUS,CAB10,Padang,1,2337.5,2337.5,1,2337.5
IN6021_BRG0001,CUST55620,"APOTEK TAPAK",TD,2022-09-17,BRND001,"OGB & PH","ACYCLOVIR DUS",DUS,CAB04,Aceh,7,1169.91,1169.9100341796875,7,8189.37
IN6022_BRG0005,CUST55654,"KLINIK SAHABAT",TD,2022-10-21,BRND005,SLCYL,"KLORPROMAZINA TABLET SALUT SELAPUT 100 MG",TABLET,CAB08,Tangerang,9,5648.3,5648.2998046875,9,50834.7
IN6023_BRG0010,CUST55399,"KLINIK SAHABAT",EPM,2022-02-08,BRND010,SLCYL,PARACETAMOL,BOTOL,CAB08,Tangerang,15,6940.3,6940.2998046875,15,104104
IN6024_BRG0005,CUST55394,"KLINIK DR. ANDRI",TD,2022-02-03,BRND005,SLCYL,"KLORPROMAZINA TABLET SALUT SELAPUT 100 MG",TABLET,CAB03,Lampung,12,5648.3,5648.2998046875,12,67779.6
IN6025_BRG0004,CUST55523,"APOTEK MAJA",TA,2022-06-12,BRND004,VNS,"TRAMADOL KAPSUL 50 MG",KAPSUL,CAB01,Kuningan,7,8700.7,8700.7001953125,7,60904.9
IN6026_BRG0003,CUST55558,"APOTEK SAHABAT",EPM,2022-07-17,BRND009,VNS,AMPICILLIN,BOTOL,CAB02,Padang,21,5780.7,5780.7001953125,21,121395
IN6027_BRG0003,CUST55612,"APOTEK TAPAK",EPM,2022-09-09,BRND003,MARCKS,AMPICILLIN,BOTOL,CAB01,Aceh,10,10690.6,10690.599609375,10,106906
IN6028_BRG0001,CUST55420,"APOTEK MERDEKA",EPM,2022-03-01,BRND001,"OGB & PH","ACYCLOVIR DUS",DUS,CAB03,Bandung,98,1169.91,1169.9100341796875,98,114651
IN6029_BRG0010,CUST55389,"KLINIK GM",EPM,2022-01-29,BRND010,SLCYL,PARACETAMOL,BOTOL,CAB09,Jakarta,4,6940.3,6940.2998046875,4,27761.2
IN6030_BRG0004,CUST55709,"KLINIK DR. ANDRI",TA,2022-12-15,BRND010,SLCYL,"TRAMADOL KAPSUL 50 MG",KAPSUL,CAB03,Lampung,10,6940.3,6940.2998046875,10,69403
IN6031_BRG0001,CUST55616,"KLINIK SAHABAT",TD,2022-09-13,BRND007,ETIKAL,"ACYCLOVIR DUS",DUS,CAB01,Tangerang,4,4592.1,4592.10009765625,4,18368.4
IN6032_BRG0004,CUST55679,"KLINIK DR. ANDRI",TA,2022-11-15,BRND010,SLCYL,"TRAMADOL KAPSUL 50 MG",KAPSUL,CAB03,Lampung,23,6940.3,6940.2998046875,23,159627
IN6033_BRG0009,CUST55688,"APOTEK MAJA",TD,2022-11-24,BRND009,VNS,"AMBROXOL HC",BOTOL,CAB01,Kuningan,34,5780.7,5780.7001953125,34,196544
IN6034_BRG0003,CUST55562,"KLINIK GM",TD,2022-07-21,BRND003,MARCKS,AMPICILLIN,BOTOL,CAB06,Jakarta,14,10690.6,10690.599609375,14,149668
IN6035_BRG0007,CUST55626,"APOTEK SAHABAT",EPM,2022-09-23,BRND007,ETIKAL,"ERGOTAMINE COFFEINE",BOTOL,CAB10,Padang,20,4592.1,4592.10009765625,20,91842
IN6036_BRG0009,CUST55388,"APOTEK MAJA",TA,2022-01-28,BRND009,VNS,"AMBROXOL HC",BOTOL,CAB08,Kuningan,23,5780.7,5780.7001953125,23,132956
IN6037_BRG0002,CUST55721,"KLINIK SAHABAT",TD,2022-12-27,BRND002,ETIKAL,"ALERGINE TABLET SALUT",DUS,CAB01,Tangerang,45,2337.5,2337.5,45,105188
IN6038_BRG0008,CUST55517,"KLINIK GM",TA,2022-06-06,BRND008,MARCKS,"TETRACYCLINE KAPSUL 250 MG",KAPSUL,CAB06,Jakarta,98,3991.9,3991.89990234375,98,391206
IN6039_BRG0001,CUST55480,"APOTEK MERDEKA",EPM,2022-04-30,BRND001,"OGB & PH","ACYCLOVIR DUS",DUS,CAB03,Bandung,13,1169.91,1169.9100341796875,13,15208.8
IN6040_BRG0001,CUST55470,"APOTEK TAPAK",EPM,2022-04-20,BRND001,"OGB & PH","ACYCLOVIR DUS",DUS,CAB04,Aceh,10,1169.91,1169.9100341796875,10,11699.1
IN6041_BRG0001,CUST55570,"APOTEK MERDEKA",TD,2022-07-29,BRND001,"OGB & PH","ACYCLOVIR DUS",DUS,CAB03,Bandung,5,1169.91,1169.9100341796875,5,5849.55
IN6042_BRG0009,CUST55428,"APOTEK MERDEKA",TD,2022-03-09,BRND009,VNS,"AMBROXOL HC",BOTOL,CAB07,Bandung,67,5780.7,5780.7001953125,67,387307
IN6043_BRG0001,CUST55580,"APOTEK SINAR JAYA",TD,2022-08-08,BRND001,"OGB & PH","ACYCLOVIR DUS",DUS,CAB09,Bekasi,9,1169.91,1169.9100341796875,9,10529.2
IN6044_BRG0005,CUST55694,"KLINIK DR. ANDRI",TD,2022-11-30,BRND005,SLCYL,"KLORPROMAZINA TABLET SALUT SELAPUT 100 MG",TABLET,CAB03,Lampung,18,5648.3,5648.2998046875,18,101669
IN6045_BRG0007,CUST55506,"APOTEK SAHABAT",TA,2022-05-26,BRND007,ETIKAL,"ERGOTAMINE COFFEINE",BOTOL,CAB10,Padang,21,4592.1,4592.10009765625,21,96434.1
IN6046_BRG0002,CUST55691,"KLINIK SAHABAT",TD,2022-11-27,BRND002,ETIKAL,"ALERGINE TABLET SALUT",DUS,CAB01,Tangerang,12,2337.5,2337.5,12,28050
IN6047_BRG0006,CUST55635,"APOTEK TAPAK",TA,2022-10-02,BRND006,"OGB & PH","KETOCONAZOLE TABLET 200 MG",TABLET,CAB04,Aceh,12,2819.2,2819.199951171875,12,33830.4
IN6048_BRG0005,CUST55464,"KLINIK GM",EPM,2022-04-14,BRND005,SLCYL,"KLORPROMAZINA TABLET SALUT SELAPUT 100 MG",TABLET,CAB02,Jakarta,25,5648.3,5648.2998046875,25,141208
IN6049_BRG0010,CUST55479,"KLINIK GM",TA,2022-04-29,BRND010,SLCYL,PARACETAMOL,BOTOL,CAB02,Jakarta,9,6940.3,6940.2998046875,9,62462.7
IN6050_BRG0005,CUST55434,"KLINIK GM",TD,2022-03-15,BRND005,SLCYL,"KLORPROMAZINA TABLET SALUT SELAPUT 100 MG",TABLET,CAB02,Jakarta,34,5648.3,5648.2998046875,34,192042
IN6051_BRG0004,CUST55593,"APOTEK MERDEKA",TD,2022-08-21,BRND004,VNS,"TRAMADOL KAPSUL 50 MG",KAPSUL,CAB07,Bandung,15,8700.7,8700.7001953125,15,130510
IN6052_BRG0006,CUST55385,"APOTEK SINAR JAYA",TA,2022-01-25,BRND006,"OGB & PH","KETOCONAZOLE TABLET 200 MG",TABLET,CAB05,Bekasi,5,2819.2,2819.199951171875,5,14096
IN6053_BRG0002,CUST55437,"APOTEK SINAR JAYA",EPM,2022-03-18,BRND008,MARCKS,"ALERGINE TABLET SALUT",DUS,CAB01,Bekasi,44,3991.9,3991.89990234375,44,175644
IN6054_BRG0006,CUST55435,"APOTEK MERDEKA",TD,2022-03-16,BRND006,"OGB & PH","KETOCONAZOLE TABLET 200 MG",TABLET,CAB03,Bandung,34,2819.2,2819.199951171875,34,95852.8
IN6055_BRG0004,CUST55583,"APOTEK MAJA",TD,2022-08-11,BRND004,VNS,"TRAMADOL KAPSUL 50 MG",KAPSUL,CAB01,Kuningan,4,8700.7,8700.7001953125,4,34802.8
IN6056_BRG0002,CUST55621,"APOTEK MAJA",TA,2022-09-18,BRND002,ETIKAL,"ALERGINE TABLET SALUT",DUS,CAB05,Kuningan,100,2337.5,2337.5,100,233750
IN6057_BRG0003,CUST55648,"APOTEK SAHABAT",TA,2022-10-15,BRND009,VNS,AMPICILLIN,BOTOL,CAB02,Padang,10,5780.7,5780.7001953125,10,57807
IN6058_BRG0003,CUST55532,"KLINIK GM",TD,2022-06-21,BRND003,MARCKS,AMPICILLIN,BOTOL,CAB06,Jakarta,34,10690.6,10690.599609375,34,363480
IN6059_BRG0004,CUST55683,"APOTEK MERDEKA",EPM,2022-11-19,BRND004,VNS,"TRAMADOL KAPSUL 50 MG",KAPSUL,CAB07,Bandung,11,8700.7,8700.7001953125,11,95707.7
IN6060_BRG0004,CUST55543,"APOTEK SAHABAT",TD,2022-07-02,BRND004,VNS,"TRAMADOL KAPSUL 50 MG",KAPSUL,CAB02,Padang,22,8700.7,8700.7001953125,22,191415
IN6061_BRG0007,CUST55566,"APOTEK SAHABAT",TD,2022-07-25,BRND007,ETIKAL,"ERGOTAMINE COFFEINE",BOTOL,CAB10,Padang,12,4592.1,4592.10009765625,12,55105.2
IN6062_BRG0001,CUST55490,"APOTEK SINAR JAYA",TA,2022-05-10,BRND001,"OGB & PH","ACYCLOVIR DUS",DUS,CAB09,Bekasi,12,1169.91,1169.9100341796875,12,14038.9
IN6063_BRG0008,CUST55417,"APOTEK TAPAK",TD,2022-02-26,BRND008,MARCKS,"TETRACYCLINE KAPSUL 250 MG",KAPSUL,CAB01,Aceh,12,3991.9,3991.89990234375,12,47902.8
IN6064_BRG0006,CUST55515,"APOTEK TAPAK",TD,2022-06-04,BRND006,"OGB & PH","KETOCONAZOLE TABLET 200 MG",TABLET,CAB04,Aceh,10,2819.2,2819.199951171875,10,28192
IN6065_BRG0005,CUST55474,"KLINIK SAHABAT",EPM,2022-04-24,BRND005,SLCYL,"KLORPROMAZINA TABLET SALUT SELAPUT 100 MG",TABLET,CAB08,Tangerang,4,5648.3,5648.2998046875,4,22593.2
IN6066_BRG0009,CUST55538,"APOTEK MAJA",EPM,2022-06-27,BRND009,VNS,"AMBROXOL HC",BOTOL,CAB01,Kuningan,12,5780.7,5780.7001953125,12,69368.4
IN6067_BRG0005,CUST55704,"KLINIK GM",TD,2022-12-10,BRND005,SLCYL,"KLORPROMAZINA TABLET SALUT SELAPUT 100 MG",TABLET,CAB02,Jakarta,14,5648.3,5648.2998046875,14,79076.2
IN6068_BRG0007,CUST55536,"APOTEK SAHABAT",TD,2022-06-25,BRND007,ETIKAL,"ERGOTAMINE COFFEINE",BOTOL,CAB10,Padang,6,4592.1,4592.10009765625,6,27552.6
IN6069_BRG0002,CUST55571,"KLINIK SAHABAT",TA,2022-07-30,BRND002,ETIKAL,"ALERGINE TABLET SALUT",DUS,CAB01,Tangerang,4,2337.5,2337.5,4,9350
IN6070_BRG0006,CUST55485,"APOTEK TAPAK",TD,2022-05-05,BRND006,"OGB & PH","KETOCONAZOLE TABLET 200 MG",TABLET,CAB04,Aceh,23,2819.2,2819.199951171875,23,64841.6
IN6071_BRG0007,CUST55636,"APOTEK MAJA",EPM,2022-10-03,BRND007,ETIKAL,"ERGOTAMINE COFFEINE",BOTOL,CAB05,Kuningan,95,4592.1,4592.10009765625,95,436250
IN6072_BRG0008,CUST55477,"APOTEK TAPAK",EPM,2022-04-27,BRND008,MARCKS,"TETRACYCLINE KAPSUL 250 MG",KAPSUL,CAB01,Aceh,1,3991.9,3991.89990234375,1,3991.9
IN6073_BRG0009,CUST55628,"APOTEK MAJA",TA,2022-09-25,BRND009,VNS,"AMBROXOL HC",BOTOL,CAB01,Kuningan,34,5780.7,5780.7001953125,34,196544
IN6074_BRG0003,CUST55472,"KLINIK GM",TD,2022-04-22,BRND003,MARCKS,AMPICILLIN,BOTOL,CAB06,Jakarta,98,10690.6,10690.599609375,98,1047680
IN6075_BRG0009,CUST55638,"APOTEK MERDEKA",TA,2022-10-05,BRND009,VNS,"AMBROXOL HC",BOTOL,CAB07,Bandung,48,5780.7,5780.7001953125,48,277474
IN6076_BRG0005,CUST55594,"KLINIK SAHABAT",TA,2022-08-22,BRND005,SLCYL,"KLORPROMAZINA TABLET SALUT SELAPUT 100 MG",TABLET,CAB08,Tangerang,12,5648.3,5648.2998046875,12,67779.6
IN6077_BRG0002,CUST55647,"APOTEK SINAR JAYA",TD,2022-10-14,BRND008,MARCKS,"ALERGINE TABLET SALUT",DUS,CAB01,Bekasi,12,3991.9,3991.89990234375,12,47902.8
IN6078_BRG0001,CUST55600,"APOTEK MERDEKA",TD,2022-08-28,BRND001,"OGB & PH","ACYCLOVIR DUS",DUS,CAB03,Bandung,12,1169.91,1169.9100341796875,12,14038.9
IN6079_BRG0005,CUST55494,"KLINIK GM",EPM,2022-05-14,BRND005,SLCYL,"KLORPROMAZINA TABLET SALUT SELAPUT 100 MG",TABLET,CAB02,Jakarta,34,5648.3,5648.2998046875,34,192042
IN6080_BRG0007,CUST55596,"APOTEK SAHABAT",TD,2022-08-24,BRND007,ETIKAL,"ERGOTAMINE COFFEINE",BOTOL,CAB10,Padang,14,4592.1,4592.10009765625,14,64289.4
IN6081_BRG0004,CUST55589,"KLINIK DR. ANDRI",TD,2022-08-17,BRND010,SLCYL,"TRAMADOL KAPSUL 50 MG",KAPSUL,CAB03,Lampung,25,6940.3,6940.2998046875,25,173508
IN6082_BRG0002,CUST55617,"APOTEK SINAR JAYA",TD,2022-09-14,BRND008,MARCKS,"ALERGINE TABLET SALUT",DUS,CAB01,Bekasi,8,3991.9,3991.89990234375,8,31935.2
IN6083_BRG0008,CUST55487,"KLINIK GM",EPM,2022-05-07,BRND008,MARCKS,"TETRACYCLINE KAPSUL 250 MG",KAPSUL,CAB06,Jakarta,2,3991.9,3991.89990234375,2,7983.8
IN6084_BRG0002,CUST55471,"APOTEK MAJA",TD,2022-04-21,BRND002,ETIKAL,"ALERGINE TABLET SALUT",DUS,CAB05,Kuningan,67,2337.5,2337.5,67,156612
IN6085_BRG0002,CUST55601,"KLINIK SAHABAT",TA,2022-08-29,BRND002,ETIKAL,"ALERGINE TABLET SALUT",DUS,CAB01,Tangerang,25,2337.5,2337.5,25,58437.5
IN6086_BRG0003,CUST55408,"APOTEK SAHABAT",TD,2022-02-17,BRND009,VNS,AMPICILLIN,BOTOL,CAB02,Padang,14,5780.7,5780.7001953125,14,80929.8
IN6087_BRG0001,CUST55560,"APOTEK TAPAK",TA,2022-07-19,BRND001,"OGB & PH","ACYCLOVIR DUS",DUS,CAB04,Aceh,12,1169.91,1169.9100341796875,12,14038.9
IN6088_BRG0009,CUST55548,"APOTEK MERDEKA",EPM,2022-07-07,BRND009,VNS,"AMBROXOL HC",BOTOL,CAB07,Bandung,10,5780.7,5780.7001953125,10,57807
IN6089_BRG0007,CUST55386,"APOTEK SAHABAT",EPM,2022-01-26,BRND007,ETIKAL,"ERGOTAMINE COFFEINE",BOTOL,CAB06,Padang,9,4592.1,4592.10009765625,9,41328.9
IN6090_BRG0006,CUST55655,"APOTEK SINAR JAYA",TA,2022-10-22,BRND006,"OGB & PH","KETOCONAZOLE TABLET 200 MG",TABLET,CAB09,Bekasi,21,2819.2,2819.199951171875,21,59203.2
IN6091_BRG0008,CUST55687,"APOTEK TAPAK",TD,2022-11-23,BRND008,MARCKS,"TETRACYCLINE KAPSUL 250 MG",KAPSUL,CAB01,Aceh,14,3991.9,3991.89990234375,14,55886.6
IN6092_BRG0005,CUST55584,"KLINIK GM",TA,2022-08-12,BRND005,SLCYL,"KLORPROMAZINA TABLET SALUT SELAPUT 100 MG",TABLET,CAB02,Jakarta,2,5648.3,5648.2998046875,2,11296.6
IN6093_BRG0005,CUST55674,"KLINIK GM",TD,2022-11-10,BRND005,SLCYL,"KLORPROMAZINA TABLET SALUT SELAPUT 100 MG",TABLET,CAB02,Jakarta,13,5648.3,5648.2998046875,13,73427.9
IN6094_BRG0001,CUST55710,"APOTEK TAPAK",EPM,2022-12-16,BRND001,"OGB & PH","ACYCLOVIR DUS",DUS,CAB04,Aceh,67,1169.91,1169.9100341796875,67,78384
IN6095_BRG0009,CUST55478,"APOTEK MAJA",TD,2022-04-28,BRND009,VNS,"AMBROXOL HC",BOTOL,CAB01,Kuningan,5,5780.7,5780.7001953125,5,28903.5
IN6096_BRG0002,CUST55561,"APOTEK MAJA",EPM,2022-07-20,BRND002,ETIKAL,"ALERGINE TABLET SALUT",DUS,CAB05,Kuningan,25,2337.5,2337.5,25,58437.5
IN6097_BRG0009,CUST55718,"APOTEK MAJA",TD,2022-12-24,BRND009,VNS,"AMBROXOL HC",BOTOL,CAB01,Kuningan,100,5780.7,5780.7001953125,100,578070
IN6098_BRG0010,CUST55599,"KLINIK GM",EPM,2022-08-27,BRND010,SLCYL,PARACETAMOL,BOTOL,CAB02,Jakarta,19,6940.3,6940.2998046875,19,131866
IN6099_BRG0008,CUST55457,"KLINIK GM",EPM,2022-04-07,BRND008,MARCKS,"TETRACYCLINE KAPSUL 250 MG",KAPSUL,CAB06,Jakarta,5,3991.9,3991.89990234375,5,19959.5
IN6100_BRG0002,CUST55677,"APOTEK SINAR JAYA",TD,2022-11-13,BRND008,MARCKS,"ALERGINE TABLET SALUT",DUS,CAB01,Bekasi,9,3991.9,3991.89990234375,9,35927.1
IN6101_BRG0004,CUST55723,"APOTEK SAHABAT",EPM,2022-12-29,BRND004,VNS,"TRAMADOL KAPSUL 50 MG",KAPSUL,CAB02,Padang,20,8700.7,8700.7001953125,20,174014
IN6102_BRG0003,CUST55392,"APOTEK SINAR JAYA",TA,2022-02-01,BRND003,MARCKS,AMPICILLIN,BOTOL,CAB01,Bekasi,11,10690.6,10690.599609375,11,117597
IN6103_BRG0001,CUST55496,"KLINIK SAHABAT",TA,2022-05-16,BRND007,ETIKAL,"ACYCLOVIR DUS",DUS,CAB01,Tangerang,15,4592.1,4592.10009765625,15,68881.5
IN6104_BRG0004,CUST55433,"APOTEK MAJA",EPM,2022-03-14,BRND004,VNS,"TRAMADOL KAPSUL 50 MG",KAPSUL,CAB01,Kuningan,45,8700.7,8700.7001953125,45,391532
IN6105_BRG0001,CUST55700,"APOTEK SINAR JAYA",EPM,2022-12-06,BRND001,"OGB & PH","ACYCLOVIR DUS",DUS,CAB09,Bekasi,21,1169.91,1169.9100341796875,21,24568.1
IN6106_BRG0004,CUST55713,"APOTEK MERDEKA",EPM,2022-12-19,BRND004,VNS,"TRAMADOL KAPSUL 50 MG",KAPSUL,CAB07,Bandung,4,8700.7,8700.7001953125,4,34802.8
IN6107_BRG0002,CUST55511,"KLINIK SAHABAT",EPM,2022-05-31,BRND002,ETIKAL,"ALERGINE TABLET SALUT",DUS,CAB01,Tangerang,24,2337.5,2337.5,24,56100
IN6108_BRG0004,CUST55409,"KLINIK DR. ANDRI",TA,2022-02-18,BRND010,SLCYL,"TRAMADOL KAPSUL 50 MG",KAPSUL,CAB03,Lampung,21,6940.3,6940.2998046875,21,145746
IN6109_BRG0003,CUST55702,"APOTEK TAPAK",TA,2022-12-08,BRND003,MARCKS,AMPICILLIN,BOTOL,CAB01,Aceh,12,10690.6,10690.599609375,12,128287
IN6110_BRG0007,CUST55576,"APOTEK MAJA",TD,2022-08-04,BRND007,ETIKAL,"ERGOTAMINE COFFEINE",BOTOL,CAB05,Kuningan,9,4592.1,4592.10009765625,9,41328.9
IN6111_BRG0008,CUST55657,"APOTEK TAPAK",TD,2022-10-24,BRND008,MARCKS,"TETRACYCLINE KAPSUL 250 MG",KAPSUL,CAB01,Aceh,12,3991.9,3991.89990234375,12,47902.8
IN6112_BRG0007,CUST55726,"APOTEK MAJA",TA,2023-01-01,BRND007,ETIKAL,"ERGOTAMINE COFFEINE",BOTOL,CAB05,Kuningan,34,4592.1,4592.10009765625,34,156131
IN6113_BRG0001,CUST55400,"APOTEK SINAR JAYA",TD,2022-02-09,BRND001,"OGB & PH","ACYCLOVIR DUS",DUS,CAB09,Bekasi,12,1169.91,1169.9100341796875,12,14038.9
IN6114_BRG0010,CUST55569,"KLINIK GM",TD,2022-07-28,BRND010,SLCYL,PARACETAMOL,BOTOL,CAB02,Jakarta,98,6940.3,6940.2998046875,98,680149
IN6115_BRG0007,CUST55716,"APOTEK SAHABAT",TA,2022-12-22,BRND007,ETIKAL,"ERGOTAMINE COFFEINE",BOTOL,CAB10,Padang,10,4592.1,4592.10009765625,10,45921
IN6116_BRG0006,CUST55455,"APOTEK TAPAK",TD,2022-04-05,BRND006,"OGB & PH","KETOCONAZOLE TABLET 200 MG",TABLET,CAB04,Aceh,67,2819.2,2819.199951171875,67,188886
IN6117_BRG0008,CUST55667,"KLINIK GM",TD,2022-11-03,BRND008,MARCKS,"TETRACYCLINE KAPSUL 250 MG",KAPSUL,CAB06,Jakarta,5,3991.9,3991.89990234375,5,19959.5
IN6118_BRG0003,CUST55502,"KLINIK GM",TD,2022-05-22,BRND003,MARCKS,AMPICILLIN,BOTOL,CAB06,Jakarta,19,10690.6,10690.599609375,19,203121
IN6119_BRG0010,CUST55449,"KLINIK GM",TA,2022-03-30,BRND010,SLCYL,PARACETAMOL,BOTOL,CAB02,Jakarta,14,6940.3,6940.2998046875,14,97164.2
IN6120_BRG0006,CUST55465,"APOTEK MERDEKA",TD,2022-04-15,BRND006,"OGB & PH","KETOCONAZOLE TABLET 200 MG",TABLET,CAB03,Bandung,14,2819.2,2819.199951171875,14,39468.8
IN6121_BRG0007,CUST55666,"APOTEK MAJA",EPM,2022-11-02,BRND007,ETIKAL,"ERGOTAMINE COFFEINE",BOTOL,CAB05,Kuningan,98,4592.1,4592.10009765625,98,450026
IN6122_BRG0006,CUST55445,"APOTEK SINAR JAYA",TD,2022-03-26,BRND006,"OGB & PH","KETOCONAZOLE TABLET 200 MG",TABLET,CAB09,Bekasi,21,2819.2,2819.199951171875,21,59203.2
IN6123_BRG0008,CUST55697,"KLINIK GM",TD,2022-12-03,BRND008,MARCKS,"TETRACYCLINE KAPSUL 250 MG",KAPSUL,CAB06,Jakarta,12,3991.9,3991.89990234375,12,47902.8
IN6124_BRG0003,CUST55442,"KLINIK GM",TA,2022-03-23,BRND003,MARCKS,AMPICILLIN,BOTOL,CAB06,Jakarta,95,10690.6,10690.599609375,95,1015610
IN6125_BRG0003,CUST55402,"APOTEK TAPAK",TA,2022-02-11,BRND003,MARCKS,AMPICILLIN,BOTOL,CAB01,Aceh,14,10690.6,10690.599609375,14,149668
IN6126_BRG0005,CUST55624,"KLINIK SAHABAT",TD,2022-09-21,BRND005,SLCYL,"KLORPROMAZINA TABLET SALUT SELAPUT 100 MG",TABLET,CAB08,Tangerang,45,5648.3,5648.2998046875,45,254173
IN6127_BRG0006,CUST55625,"APOTEK SINAR JAYA",TA,2022-09-22,BRND006,"OGB & PH","KETOCONAZOLE TABLET 200 MG",TABLET,CAB09,Bekasi,34,2819.2,2819.199951171875,34,95852.8
IN6128_BRG0008,CUST55537,"APOTEK TAPAK",TA,2022-06-26,BRND008,MARCKS,"TETRACYCLINE KAPSUL 250 MG",KAPSUL,CAB01,Aceh,79,3991.9,3991.89990234375,79,315360
IN6129_BRG0001,CUST55556,"KLINIK SAHABAT",TD,2022-07-15,BRND007,ETIKAL,"ACYCLOVIR DUS",DUS,CAB01,Tangerang,8,4592.1,4592.10009765625,8,36736.8
IN6130_BRG0009,CUST55518,"APOTEK MERDEKA",EPM,2022-06-07,BRND009,VNS,"AMBROXOL HC",BOTOL,CAB07,Bandung,5,5780.7,5780.7001953125,5,28903.5
IN6131_BRG0009,CUST55418,"APOTEK MAJA",TD,2022-02-27,BRND009,VNS,"AMBROXOL HC",BOTOL,CAB01,Kuningan,10,5780.7,5780.7001953125,10,57807
IN6132_BRG0003,CUST55708,"APOTEK SAHABAT",TD,2022-12-14,BRND009,VNS,AMPICILLIN,BOTOL,CAB02,Padang,12,5780.7,5780.7001953125,12,69368.4
IN6133_BRG0010,CUST55429,"KLINIK SAHABAT",TA,2022-03-10,BRND010,SLCYL,PARACETAMOL,BOTOL,CAB08,Tangerang,78,6940.3,6940.2998046875,78,541343
IN6134_BRG0002,CUST55441,"APOTEK MAJA",TD,2022-03-22,BRND002,ETIKAL,"ALERGINE TABLET SALUT",DUS,CAB05,Kuningan,12,2337.5,2337.5,12,28050
IN6135_BRG0001,CUST55550,"APOTEK SINAR JAYA",TA,2022-07-09,BRND001,"OGB & PH","ACYCLOVIR DUS",DUS,CAB09,Bekasi,12,1169.91,1169.9100341796875,12,14038.9
IN6136_BRG0001,CUST55526,"KLINIK SAHABAT",TD,2022-06-15,BRND007,ETIKAL,"ACYCLOVIR DUS",DUS,CAB01,Tangerang,78,4592.1,4592.10009765625,78,358184
IN6137_BRG0004,CUST55573,"APOTEK SAHABAT",TD,2022-08-01,BRND004,VNS,"TRAMADOL KAPSUL 50 MG",KAPSUL,CAB02,Padang,9,8700.7,8700.7001953125,9,78306.3
IN6138_BRG0002,CUST55661,"KLINIK SAHABAT",TD,2022-10-28,BRND002,ETIKAL,"ALERGINE TABLET SALUT",DUS,CAB01,Tangerang,10,2337.5,2337.5,10,23375
IN6139_BRG0004,CUST55623,"APOTEK MERDEKA",TD,2022-09-20,BRND004,VNS,"TRAMADOL KAPSUL 50 MG",KAPSUL,CAB07,Bandung,78,8700.7,8700.7001953125,78,678655
IN6140_BRG0006,CUST55595,"APOTEK SINAR JAYA",EPM,2022-08-23,BRND006,"OGB & PH","KETOCONAZOLE TABLET 200 MG",TABLET,CAB09,Bekasi,25,2819.2,2819.199951171875,25,70480
IN6141_BRG0002,CUST55401,"APOTEK SAHABAT",TD,2022-02-10,BRND002,ETIKAL,"ALERGINE TABLET SALUT",DUS,CAB10,Padang,25,2337.5,2337.5,25,58437.5
IN6142_BRG0005,CUST55724,"KLINIK DR. ANDRI",TD,2022-12-30,BRND005,SLCYL,"KLORPROMAZINA TABLET SALUT SELAPUT 100 MG",TABLET,CAB03,Lampung,45,5648.3,5648.2998046875,45,254173
IN6143_BRG0006,CUST55705,"APOTEK MERDEKA",TD,2022-12-11,BRND006,"OGB & PH","KETOCONAZOLE TABLET 200 MG",TABLET,CAB03,Bandung,24,2819.2,2819.199951171875,24,67660.8
IN6144_BRG0004,CUST55383,"APOTEK MERDEKA",EPM,2022-01-23,BRND004,VNS,"TRAMADOL KAPSUL 50 MG",KAPSUL,CAB03,Bandung,13,8700.7,8700.7001953125,13,113109
IN6145_BRG0003,CUST55642,"APOTEK TAPAK",EPM,2022-10-09,BRND003,MARCKS,AMPICILLIN,BOTOL,CAB01,Aceh,25,10690.6,10690.599609375,25,267265
IN6146_BRG0003,CUST55412,"KLINIK GM",TA,2022-02-21,BRND003,MARCKS,AMPICILLIN,BOTOL,CAB06,Jakarta,25,10690.6,10690.599609375,25,267265
IN6147_BRG0006,CUST55555,"APOTEK MERDEKA",EPM,2022-07-14,BRND006,"OGB & PH","KETOCONAZOLE TABLET 200 MG",TABLET,CAB03,Bandung,4,2819.2,2819.199951171875,4,11276.8
IN6148_BRG0007,CUST55476,"APOTEK SAHABAT",TA,2022-04-26,BRND007,ETIKAL,"ERGOTAMINE COFFEINE",BOTOL,CAB10,Padang,9,4592.1,4592.10009765625,9,41328.9
IN6149_BRG0001,CUST55590,"APOTEK TAPAK",TD,2022-08-18,BRND001,"OGB & PH","ACYCLOVIR DUS",DUS,CAB04,Aceh,14,1169.91,1169.9100341796875,14,16378.7
IN6150_BRG0002,CUST55651,"APOTEK MAJA",TD,2022-10-18,BRND002,ETIKAL,"ALERGINE TABLET SALUT",DUS,CAB05,Kuningan,5,2337.5,2337.5,5,11687.5
IN6151_BRG0001,CUST55720,"APOTEK MERDEKA",EPM,2022-12-26,BRND001,"OGB & PH","ACYCLOVIR DUS",DUS,CAB03,Bandung,78,1169.91,1169.9100341796875,78,91253
IN6152_BRG0003,CUST55512,"APOTEK SINAR JAYA",TD,2022-06-01,BRND003,MARCKS,AMPICILLIN,BOTOL,CAB01,Bekasi,10,10690.6,10690.599609375,10,106906
IN6153_BRG0008,CUST55597,"APOTEK TAPAK",TD,2022-08-25,BRND008,MARCKS,"TETRACYCLINE KAPSUL 250 MG",KAPSUL,CAB01,Aceh,18,3991.9,3991.89990234375,18,71854.2
IN6154_BRG0002,CUST55641,"APOTEK SAHABAT",TA,2022-10-08,BRND002,ETIKAL,"ALERGINE TABLET SALUT",DUS,CAB10,Padang,12,2337.5,2337.5,12,28050
IN6155_BRG0003,CUST55382,"KLINIK GM",TA,2022-01-22,BRND003,MARCKS,AMPICILLIN,BOTOL,CAB02,Jakarta,9,10690.6,10690.599609375,9,96215.4
IN6156_BRG0009,CUST55608,"APOTEK MERDEKA",TA,2022-09-05,BRND009,VNS,"AMBROXOL HC",BOTOL,CAB07,Bandung,24,5780.7,5780.7001953125,24,138737
IN6157_BRG0004,CUST55613,"APOTEK MAJA",TD,2022-09-10,BRND004,VNS,"TRAMADOL KAPSUL 50 MG",KAPSUL,CAB01,Kuningan,67,8700.7,8700.7001953125,67,582947
IN6158_BRG0010,CUST55699,"KLINIK SAHABAT",TA,2022-12-05,BRND010,SLCYL,PARACETAMOL,BOTOL,CAB08,Tangerang,14,6940.3,6940.2998046875,14,97164.2
IN6159_BRG0010,CUST55689,"KLINIK GM",TA,2022-11-25,BRND010,SLCYL,PARACETAMOL,BOTOL,CAB02,Jakarta,67,6940.3,6940.2998046875,67,465000
IN6160_BRG0003,CUST55672,"APOTEK TAPAK",TA,2022-11-08,BRND003,MARCKS,AMPICILLIN,BOTOL,CAB01,Aceh,5,10690.6,10690.599609375,5,53453
IN6161_BRG0001,CUST55466,"KLINIK SAHABAT",TA,2022-04-16,BRND007,ETIKAL,"ACYCLOVIR DUS",DUS,CAB01,Tangerang,24,4592.1,4592.10009765625,24,110210
IN6162_BRG0004,CUST55503,"APOTEK MERDEKA",TA,2022-05-23,BRND004,VNS,"TRAMADOL KAPSUL 50 MG",KAPSUL,CAB07,Bandung,12,8700.7,8700.7001953125,12,104408
IN6163_BRG0002,CUST55421,"KLINIK SAHABAT",TD,2022-03-02,BRND002,ETIKAL,"ALERGINE TABLET SALUT",DUS,CAB01,Tangerang,5,2337.5,2337.5,5,11687.5
IN6164_BRG0009,CUST55578,"APOTEK MERDEKA",EPM,2022-08-06,BRND009,VNS,"AMBROXOL HC",BOTOL,CAB07,Bandung,1,5780.7,5780.7001953125,1,5780.7
IN6165_BRG0003,CUST55722,"APOTEK SINAR JAYA",TA,2022-12-28,BRND003,MARCKS,AMPICILLIN,BOTOL,CAB01,Bekasi,34,10690.6,10690.599609375,34,363480
IN6166_BRG0006,CUST55675,"APOTEK MERDEKA",TA,2022-11-11,BRND006,"OGB & PH","KETOCONAZOLE TABLET 200 MG",TABLET,CAB03,Bandung,1,2819.2,2819.199951171875,1,2819.2
IN6167_BRG0002,CUST55491,"APOTEK SAHABAT",EPM,2022-05-11,BRND002,ETIKAL,"ALERGINE TABLET SALUT",DUS,CAB10,Padang,12,2337.5,2337.5,12,28050
IN6168_BRG0005,CUST55644,"KLINIK GM",TD,2022-10-11,BRND005,SLCYL,"KLORPROMAZINA TABLET SALUT SELAPUT 100 MG",TABLET,CAB02,Jakarta,24,5648.3,5648.2998046875,24,135559
IN6169_BRG0006,CUST55665,"APOTEK TAPAK",TA,2022-11-01,BRND006,"OGB & PH","KETOCONAZOLE TABLET 200 MG",TABLET,CAB04,Aceh,67,2819.2,2819.199951171875,67,188886
IN6170_BRG0006,CUST55505,"APOTEK SINAR JAYA",TD,2022-05-25,BRND006,"OGB & PH","KETOCONAZOLE TABLET 200 MG",TABLET,CAB09,Bekasi,14,2819.2,2819.199951171875,14,39468.8
IN6171_BRG0006,CUST55545,"APOTEK TAPAK",EPM,2022-07-04,BRND006,"OGB & PH","KETOCONAZOLE TABLET 200 MG",TABLET,CAB04,Aceh,25,2819.2,2819.199951171875,25,70480
IN6172_BRG0002,CUST55497,"APOTEK SINAR JAYA",EPM,2022-05-17,BRND008,MARCKS,"ALERGINE TABLET SALUT",DUS,CAB01,Bekasi,12,3991.9,3991.89990234375,12,47902.8
IN6173_BRG0001,CUST55406,"KLINIK SAHABAT",EPM,2022-02-15,BRND007,ETIKAL,"ACYCLOVIR DUS",DUS,CAB01,Tangerang,12,4592.1,4592.10009765625,12,55105.2
IN6174_BRG0003,CUST55618,"APOTEK SAHABAT",TA,2022-09-15,BRND009,VNS,AMPICILLIN,BOTOL,CAB02,Padang,9,5780.7,5780.7001953125,9,52026.3
IN6175_BRG0005,CUST55404,"KLINIK GM",TD,2022-02-13,BRND005,SLCYL,"KLORPROMAZINA TABLET SALUT SELAPUT 100 MG",TABLET,CAB02,Jakarta,18,5648.3,5648.2998046875,18,101669
IN6176_BRG0004,CUST55403,"APOTEK MAJA",EPM,2022-02-12,BRND004,VNS,"TRAMADOL KAPSUL 50 MG",KAPSUL,CAB01,Kuningan,18,8700.7,8700.7001953125,18,156613
IN6177_BRG0006,CUST55585,"APOTEK MERDEKA",EPM,2022-08-13,BRND006,"OGB & PH","KETOCONAZOLE TABLET 200 MG",TABLET,CAB03,Bandung,17,2819.2,2819.199951171875,17,47926.4
IN6178_BRG0006,CUST55695,"APOTEK TAPAK",TA,2022-12-01,BRND006,"OGB & PH","KETOCONAZOLE TABLET 200 MG",TABLET,CAB04,Aceh,18,2819.2,2819.199951171875,18,50745.6
IN6179_BRG0010,CUST55669,"KLINIK SAHABAT",EPM,2022-11-05,BRND010,SLCYL,PARACETAMOL,BOTOL,CAB08,Tangerang,8,6940.3,6940.2998046875,8,55522.4
IN6180_BRG0005,CUST55614,"KLINIK GM",TA,2022-09-11,BRND005,SLCYL,"KLORPROMAZINA TABLET SALUT SELAPUT 100 MG",TABLET,CAB02,Jakarta,98,5648.3,5648.2998046875,98,553533
IN6181_BRG0010,CUST55549,"KLINIK SAHABAT",TD,2022-07-08,BRND010,SLCYL,PARACETAMOL,BOTOL,CAB08,Tangerang,130,6940.3,6940.2998046875,130,902239
IN6182_BRG0008,CUST55577,"KLINIK GM",TA,2022-08-05,BRND008,MARCKS,"TETRACYCLINE KAPSUL 250 MG",KAPSUL,CAB06,Jakarta,13,3991.9,3991.89990234375,13,51894.7
IN6183_BRG0003,CUST55498,"APOTEK SAHABAT",TD,2022-05-18,BRND009,VNS,AMPICILLIN,BOTOL,CAB02,Padang,25,5780.7,5780.7001953125,25,144518
IN6184_BRG0006,CUST55395,"APOTEK TAPAK",TA,2022-02-04,BRND006,"OGB & PH","KETOCONAZOLE TABLET 200 MG",TABLET,CAB04,Aceh,25,2819.2,2819.199951171875,25,70480
IN6185_BRG0004,CUST55483,"APOTEK SAHABAT",TA,2022-05-03,BRND004,VNS,"TRAMADOL KAPSUL 50 MG",KAPSUL,CAB02,Padang,9,8700.7,8700.7001953125,9,78306.3
IN6186_BRG0001,CUST55500,"APOTEK TAPAK",TA,2022-05-20,BRND001,"OGB & PH","ACYCLOVIR DUS",DUS,CAB04,Aceh,18,1169.91,1169.9100341796875,18,21058.4
IN6187_BRG0007,CUST55606,"APOTEK MAJA",TD,2022-09-03,BRND007,ETIKAL,"ERGOTAMINE COFFEINE",BOTOL,CAB05,Kuningan,25,4592.1,4592.10009765625,25,114802
IN6188_BRG0005,CUST55454,"KLINIK DR. ANDRI",TD,2022-04-04,BRND005,SLCYL,"KLORPROMAZINA TABLET SALUT SELAPUT 100 MG",TABLET,CAB03,Lampung,10,5648.3,5648.2998046875,10,56483
IN6189_BRG0005,CUST55574,"KLINIK DR. ANDRI",TA,2022-08-02,BRND005,SLCYL,"KLORPROMAZINA TABLET SALUT SELAPUT 100 MG",TABLET,CAB03,Lampung,1,5648.3,5648.2998046875,1,5648.3
IN6190_BRG0001,CUST55390,"APOTEK MERDEKA",TD,2022-01-30,BRND001,"OGB & PH","ACYCLOVIR DUS",DUS,CAB10,Bandung,2,1169.91,1169.9100341796875,2,2339.82
IN6191_BRG0003,CUST55422,"APOTEK SINAR JAYA",TA,2022-03-03,BRND003,MARCKS,AMPICILLIN,BOTOL,CAB01,Bekasi,4,10690.6,10690.599609375,4,42762.4
IN6192_BRG0006,CUST55645,"APOTEK MERDEKA",TA,2022-10-12,BRND006,"OGB & PH","KETOCONAZOLE TABLET 200 MG",TABLET,CAB03,Bandung,10,2819.2,2819.199951171875,10,28192
IN6193_BRG0003,CUST55588,"APOTEK SAHABAT",EPM,2022-08-16,BRND009,VNS,AMPICILLIN,BOTOL,CAB02,Padang,12,5780.7,5780.7001953125,12,69368.4
IN6194_BRG0009,CUST55658,"APOTEK MAJA",TA,2022-10-25,BRND009,VNS,"AMBROXOL HC",BOTOL,CAB01,Kuningan,25,5780.7,5780.7001953125,25,144518
IN6195_BRG0009,CUST55398,"APOTEK MERDEKA",TA,2022-02-07,BRND009,VNS,"AMBROXOL HC",BOTOL,CAB07,Bandung,67,5780.7,5780.7001953125,67,387307
IN6196_BRG0001,CUST55530,"APOTEK TAPAK",TA,2022-06-19,BRND001,"OGB & PH","ACYCLOVIR DUS",DUS,CAB04,Aceh,45,1169.91,1169.9100341796875,45,52646
IN6197_BRG0001,CUST55630,"APOTEK MERDEKA",TD,2022-09-27,BRND001,"OGB & PH","ACYCLOVIR DUS",DUS,CAB03,Bandung,34,1169.91,1169.9100341796875,34,39776.9
IN6198_BRG0001,CUST55680,"APOTEK TAPAK",EPM,2022-11-16,BRND001,"OGB & PH","ACYCLOVIR DUS",DUS,CAB04,Aceh,4,1169.91,1169.9100341796875,4,4679.64
IN6199_BRG0010,CUST55509,"KLINIK GM",TD,2022-05-29,BRND010,SLCYL,PARACETAMOL,BOTOL,CAB02,Jakarta,25,6940.3,6940.2998046875,25,173508
IN6200_BRG0004,CUST55473,"APOTEK MERDEKA",TA,2022-04-23,BRND004,VNS,"TRAMADOL KAPSUL 50 MG",KAPSUL,CAB07,Bandung,5,8700.7,8700.7001953125,5,43503.5
IN6201_BRG0009,CUST55668,"APOTEK MERDEKA",TA,2022-11-04,BRND009,VNS,"AMBROXOL HC",BOTOL,CAB07,Bandung,4,5780.7,5780.7001953125,4,23122.8
IN6202_BRG0003,CUST55528,"APOTEK SAHABAT",EPM,2022-06-17,BRND009,VNS,AMPICILLIN,BOTOL,CAB02,Padang,34,5780.7,5780.7001953125,34,196544
IN6203_BRG0005,CUST55524,"KLINIK GM",EPM,2022-06-13,BRND005,SLCYL,"KLORPROMAZINA TABLET SALUT SELAPUT 100 MG",TABLET,CAB02,Jakarta,100,5648.3,5648.2998046875,100,564830
IN6204_BRG0008,CUST55727,"KLINIK GM",EPM,2023-01-02,BRND008,MARCKS,"TETRACYCLINE KAPSUL 250 MG",KAPSUL,CAB06,Jakarta,34,3991.9,3991.89990234375,34,135725
IN6205_BRG0001,CUST55520,"APOTEK SINAR JAYA",TA,2022-06-09,BRND001,"OGB & PH","ACYCLOVIR DUS",DUS,CAB09,Bekasi,8,1169.91,1169.9100341796875,8,9359.28
IN6206_BRG0003,CUST55582,"APOTEK TAPAK",EPM,2022-08-10,BRND003,MARCKS,AMPICILLIN,BOTOL,CAB01,Aceh,23,10690.6,10690.599609375,23,245884
IN6207_BRG0006,CUST55605,"APOTEK TAPAK",EPM,2022-09-02,BRND006,"OGB & PH","KETOCONAZOLE TABLET 200 MG",TABLET,CAB04,Aceh,12,2819.2,2819.199951171875,12,33830.4
IN6208_BRG0006,CUST55475,"APOTEK SINAR JAYA",TD,2022-04-25,BRND006,"OGB & PH","KETOCONAZOLE TABLET 200 MG",TABLET,CAB09,Bekasi,8,2819.2,2819.199951171875,8,22553.6
IN6209_BRG0001,CUST55586,"KLINIK SAHABAT",TD,2022-08-14,BRND007,ETIKAL,"ACYCLOVIR DUS",DUS,CAB01,Tangerang,11,4592.1,4592.10009765625,11,50513.1
IN6210_BRG0007,CUST55486,"APOTEK MAJA",TA,2022-05-06,BRND007,ETIKAL,"ERGOTAMINE COFFEINE",BOTOL,CAB05,Kuningan,4,4592.1,4592.10009765625,4,18368.4
IN6211_BRG0002,CUST55501,"APOTEK MAJA",EPM,2022-05-21,BRND002,ETIKAL,"ALERGINE TABLET SALUT",DUS,CAB05,Kuningan,18,2337.5,2337.5,18,42075
IN6212_BRG0002,CUST55681,"APOTEK MAJA",TD,2022-11-17,BRND002,ETIKAL,"ALERGINE TABLET SALUT",DUS,CAB05,Kuningan,2,2337.5,2337.5,2,4675
IN6213_BRG0002,CUST55701,"APOTEK SAHABAT",TD,2022-12-07,BRND002,ETIKAL,"ALERGINE TABLET SALUT",DUS,CAB10,Padang,22,2337.5,2337.5,22,51425
IN6214_BRG0002,CUST55461,"APOTEK SAHABAT",TD,2022-04-11,BRND002,ETIKAL,"ALERGINE TABLET SALUT",DUS,CAB10,Padang,21,2337.5,2337.5,21,49087.5
IN6215_BRG0001,CUST55510,"APOTEK MERDEKA",TA,2022-05-30,BRND001,"OGB & PH","ACYCLOVIR DUS",DUS,CAB03,Bandung,14,1169.91,1169.9100341796875,14,16378.7
IN6216_BRG0007,CUST55456,"APOTEK MAJA",TA,2022-04-06,BRND007,ETIKAL,"ERGOTAMINE COFFEINE",BOTOL,CAB05,Kuningan,98,4592.1,4592.10009765625,98,450026
IN6217_BRG0003,CUST55438,"APOTEK SAHABAT",TD,2022-03-19,BRND009,VNS,AMPICILLIN,BOTOL,CAB02,Padang,5,5780.7,5780.7001953125,5,28903.5
IN6218_BRG0010,CUST55639,"KLINIK SAHABAT",EPM,2022-10-06,BRND010,SLCYL,PARACETAMOL,BOTOL,CAB08,Tangerang,21,6940.3,6940.2998046875,21,145746
IN6219_BRG0001,CUST55436,"KLINIK SAHABAT",TA,2022-03-17,BRND007,ETIKAL,"ACYCLOVIR DUS",DUS,CAB01,Tangerang,34,4592.1,4592.10009765625,34,156131
IN6220_BRG0005,CUST55444,"KLINIK SAHABAT",TD,2022-03-25,BRND005,SLCYL,"KLORPROMAZINA TABLET SALUT SELAPUT 100 MG",TABLET,CAB08,Tangerang,48,5648.3,5648.2998046875,48,271118
IN6221_BRG0005,CUST55504,"KLINIK SAHABAT",EPM,2022-05-24,BRND005,SLCYL,"KLORPROMAZINA TABLET SALUT SELAPUT 100 MG",TABLET,CAB08,Tangerang,25,5648.3,5648.2998046875,25,141208
IN6222_BRG0003,CUST55678,"APOTEK SAHABAT",TD,2022-11-14,BRND009,VNS,AMPICILLIN,BOTOL,CAB02,Padang,1,5780.7,5780.7001953125,1,5780.7
IN6223_BRG0004,CUST55633,"APOTEK SAHABAT",TD,2022-09-30,BRND004,VNS,"TRAMADOL KAPSUL 50 MG",KAPSUL,CAB02,Padang,6,8700.7,8700.7001953125,6,52204.2
IN6224_BRG0004,CUST55559,"KLINIK DR. ANDRI",TD,2022-07-18,BRND010,SLCYL,"TRAMADOL KAPSUL 50 MG",KAPSUL,CAB03,Lampung,22,6940.3,6940.2998046875,22,152687
IN6225_BRG0002,CUST55631,"KLINIK SAHABAT",TA,2022-09-28,BRND002,ETIKAL,"ALERGINE TABLET SALUT",DUS,CAB01,Tangerang,44,2337.5,2337.5,44,102850
IN6226_BRG0007,CUST55416,"APOTEK SAHABAT",EPM,2022-02-25,BRND007,ETIKAL,"ERGOTAMINE COFFEINE",BOTOL,CAB10,Padang,23,4592.1,4592.10009765625,23,105618
IN6227_BRG0002,CUST55611,"APOTEK SAHABAT",TA,2022-09-08,BRND002,ETIKAL,"ALERGINE TABLET SALUT",DUS,CAB10,Padang,12,2337.5,2337.5,12,28050
IN6228_BRG0009,CUST55508,"APOTEK MAJA",TD,2022-05-28,BRND009,VNS,"AMBROXOL HC",BOTOL,CAB01,Kuningan,12,5780.7,5780.7001953125,12,69368.4
IN6229_BRG0006,CUST55575,"APOTEK TAPAK",EPM,2022-08-03,BRND006,"OGB & PH","KETOCONAZOLE TABLET 200 MG",TABLET,CAB04,Aceh,5,2819.2,2819.199951171875,5,14096
IN6230_BRG0004,CUST55413,"APOTEK MERDEKA",EPM,2022-02-22,BRND004,VNS,"TRAMADOL KAPSUL 50 MG",KAPSUL,CAB07,Bandung,14,8700.7,8700.7001953125,14,121810
IN6231_BRG0004,CUST55563,"APOTEK MERDEKA",TD,2022-07-22,BRND004,VNS,"TRAMADOL KAPSUL 50 MG",KAPSUL,CAB07,Bandung,24,8700.7,8700.7001953125,24,208817
IN6232_BRG0010,CUST55609,"KLINIK SAHABAT",EPM,2022-09-06,BRND010,SLCYL,PARACETAMOL,BOTOL,CAB08,Tangerang,10,6940.3,6940.2998046875,10,69403
IN6233_BRG0001,CUST55450,"APOTEK MERDEKA",EPM,2022-03-31,BRND001,"OGB & PH","ACYCLOVIR DUS",DUS,CAB03,Bandung,24,1169.91,1169.9100341796875,24,28077.8
IN6234_BRG0003,CUST55552,"APOTEK TAPAK",TD,2022-07-11,BRND003,MARCKS,AMPICILLIN,BOTOL,CAB01,Aceh,67,10690.6,10690.599609375,67,716270
IN6235_BRG0002,CUST55451,"KLINIK SAHABAT",TD,2022-04-01,BRND002,ETIKAL,"ALERGINE TABLET SALUT",DUS,CAB01,Tangerang,10,2337.5,2337.5,10,23375
IN6236_BRG0005,CUST55684,"KLINIK SAHABAT",TD,2022-11-20,BRND005,SLCYL,"KLORPROMAZINA TABLET SALUT SELAPUT 100 MG",TABLET,CAB08,Tangerang,12,5648.3,5648.2998046875,12,67779.6
IN6237_BRG0004,CUST55619,"KLINIK DR. ANDRI",EPM,2022-09-16,BRND010,SLCYL,"TRAMADOL KAPSUL 50 MG",KAPSUL,CAB03,Lampung,10,6940.3,6940.2998046875,10,69403
IN6238_BRG0001,CUST55460,"APOTEK SINAR JAYA",EPM,2022-04-10,BRND001,"OGB & PH","ACYCLOVIR DUS",DUS,CAB09,Bekasi,9,1169.91,1169.9100341796875,9,10529.2
IN6239_BRG0003,CUST55572,"APOTEK SINAR JAYA",EPM,2022-07-31,BRND003,MARCKS,AMPICILLIN,BOTOL,CAB01,Bekasi,8,10690.6,10690.599609375,8,85524.8
IN6240_BRG0002,CUST55541,"KLINIK SAHABAT",EPM,2022-06-30,BRND002,ETIKAL,"ALERGINE TABLET SALUT",DUS,CAB01,Tangerang,48,2337.5,2337.5,48,112200
IN6241_BRG0001,CUST55440,"APOTEK TAPAK",EPM,2022-03-21,BRND001,"OGB & PH","ACYCLOVIR DUS",DUS,CAB04,Aceh,79,1169.91,1169.9100341796875,79,92422.9
IN6242_BRG0005,CUST55534,"KLINIK SAHABAT",EPM,2022-06-23,BRND005,SLCYL,"KLORPROMAZINA TABLET SALUT SELAPUT 100 MG",TABLET,CAB08,Tangerang,44,5648.3,5648.2998046875,44,248525
IN6243_BRG0006,CUST55525,"APOTEK MERDEKA",TD,2022-06-14,BRND006,"OGB & PH","KETOCONAZOLE TABLET 200 MG",TABLET,CAB03,Bandung,67,2819.2,2819.199951171875,67,188886
IN6244_BRG0003,CUST55542,"APOTEK SINAR JAYA",TD,2022-07-01,BRND003,MARCKS,AMPICILLIN,BOTOL,CAB01,Bekasi,21,10690.6,10690.599609375,21,224503
IN6245_BRG0008,CUST55397,"KLINIK GM",TD,2022-02-06,BRND008,MARCKS,"TETRACYCLINE KAPSUL 250 MG",KAPSUL,CAB06,Jakarta,34,3991.9,3991.89990234375,34,135725
IN6246_BRG0004,CUST55533,"APOTEK MERDEKA",TA,2022-06-22,BRND004,VNS,"TRAMADOL KAPSUL 50 MG",KAPSUL,CAB07,Bandung,34,8700.7,8700.7001953125,34,295824
IN6247_BRG0006,CUST55425,"APOTEK TAPAK",TA,2022-03-06,BRND006,"OGB & PH","KETOCONAZOLE TABLET 200 MG",TABLET,CAB04,Aceh,10,2819.2,2819.199951171875,10,28192
IN6248_BRG0008,CUST55427,"KLINIK GM",TD,2022-03-08,BRND008,MARCKS,"TETRACYCLINE KAPSUL 250 MG",KAPSUL,CAB06,Jakarta,100,3991.9,3991.89990234375,100,399190
IN6249_BRG0004,CUST55703,"APOTEK MAJA",EPM,2022-12-09,BRND004,VNS,"TRAMADOL KAPSUL 50 MG",KAPSUL,CAB01,Kuningan,25,8700.7,8700.7001953125,25,217518
IN6250_BRG0002,CUST55587,"APOTEK SINAR JAYA",TA,2022-08-15,BRND008,MARCKS,"ALERGINE TABLET SALUT",DUS,CAB01,Bekasi,12,3991.9,3991.89990234375,12,47902.8
IN6251_BRG0008,CUST55387,"APOTEK TAPAK",TD,2022-01-27,BRND008,MARCKS,"TETRACYCLINE KAPSUL 250 MG",KAPSUL,CAB07,Aceh,1,3991.9,3991.89990234375,1,3991.9
IN6252_BRG0004,CUST55649,"KLINIK DR. ANDRI",EPM,2022-10-16,BRND010,SLCYL,"TRAMADOL KAPSUL 50 MG",KAPSUL,CAB03,Lampung,67,6940.3,6940.2998046875,67,465000
IN6253_BRG0002,CUST55431,"APOTEK SAHABAT",TD,2022-03-12,BRND002,ETIKAL,"ALERGINE TABLET SALUT",DUS,CAB10,Padang,34,2337.5,2337.5,34,79475
IN6254_BRG0005,CUST55544,"KLINIK DR. ANDRI",TA,2022-07-03,BRND005,SLCYL,"KLORPROMAZINA TABLET SALUT SELAPUT 100 MG",TABLET,CAB03,Lampung,12,5648.3,5648.2998046875,12,67779.6
IN6255_BRG0007,CUST55446,"APOTEK SAHABAT",TA,2022-03-27,BRND007,ETIKAL,"ERGOTAMINE COFFEINE",BOTOL,CAB10,Padang,22,4592.1,4592.10009765625,22,101026
IN6256_BRG0004,CUST55463,"APOTEK MAJA",TA,2022-04-13,BRND004,VNS,"TRAMADOL KAPSUL 50 MG",KAPSUL,CAB01,Kuningan,12,8700.7,8700.7001953125,12,104408
IN6257_BRG0006,CUST55615,"APOTEK MERDEKA",EPM,2022-09-12,BRND006,"OGB & PH","KETOCONAZOLE TABLET 200 MG",TABLET,CAB03,Bandung,5,2819.2,2819.199951171875,5,14096
IN6258_BRG0005,CUST55484,"KLINIK DR. ANDRI",EPM,2022-05-04,BRND005,SLCYL,"KLORPROMAZINA TABLET SALUT SELAPUT 100 MG",TABLET,CAB03,Lampung,1,5648.3,5648.2998046875,1,5648.3
IN6259_BRG0006,CUST55405,"APOTEK MERDEKA",TA,2022-02-14,BRND006,"OGB & PH","KETOCONAZOLE TABLET 200 MG",TABLET,CAB03,Bandung,19,2819.2,2819.199951171875,19,53564.8
IN6260_BRG0005,CUST55564,"KLINIK SAHABAT",TA,2022-07-23,BRND005,SLCYL,"KLORPROMAZINA TABLET SALUT SELAPUT 100 MG",TABLET,CAB08,Tangerang,10,5648.3,5648.2998046875,10,56483
IN6261_BRG0008,CUST55547,"KLINIK GM",TA,2022-07-06,BRND008,MARCKS,"TETRACYCLINE KAPSUL 250 MG",KAPSUL,CAB06,Jakarta,24,3991.9,3991.89990234375,24,95805.6
IN6262_BRG0010,CUST55419,"KLINIK GM",TA,2022-02-28,BRND010,SLCYL,PARACETAMOL,BOTOL,CAB02,Jakarta,67,6940.3,6940.2998046875,67,465000
IN6263_BRG0003,CUST55452,"APOTEK SINAR JAYA",TA,2022-04-02,BRND003,MARCKS,AMPICILLIN,BOTOL,CAB01,Bekasi,130,10690.6,10690.599609375,130,1389780
IN6264_BRG0001,CUST55690,"APOTEK MERDEKA",EPM,2022-11-26,BRND001,"OGB & PH","ACYCLOVIR DUS",DUS,CAB03,Bandung,15,1169.91,1169.9100341796875,15,17548.7
IN6265_BRG0009,CUST55698,"APOTEK MERDEKA",TD,2022-12-04,BRND009,VNS,"AMBROXOL HC",BOTOL,CAB07,Bandung,25,5780.7,5780.7001953125,25,144518
IN6266_BRG0002,CUST55531,"APOTEK MAJA",EPM,2022-06-20,BRND002,ETIKAL,"ALERGINE TABLET SALUT",DUS,CAB05,Kuningan,34,2337.5,2337.5,34,79475
IN6267_BRG0010,CUST55459,"KLINIK SAHABAT",TA,2022-04-09,BRND010,SLCYL,PARACETAMOL,BOTOL,CAB08,Tangerang,8,6940.3,6940.2998046875,8,55522.4
IN6268_BRG0003,CUST55692,"APOTEK SINAR JAYA",TA,2022-11-28,BRND003,MARCKS,AMPICILLIN,BOTOL,CAB01,Bekasi,25,10690.6,10690.599609375,25,267265
IN6269_BRG0004,CUST55453,"APOTEK SAHABAT",EPM,2022-04-03,BRND004,VNS,"TRAMADOL KAPSUL 50 MG",KAPSUL,CAB02,Padang,12,8700.7,8700.7001953125,12,104408
IN6270_BRG0007,CUST55696,"APOTEK MAJA",EPM,2022-12-02,BRND007,ETIKAL,"ERGOTAMINE COFFEINE",BOTOL,CAB05,Kuningan,19,4592.1,4592.10009765625,19,87249.9
IN6271_BRG0005,CUST55604,"KLINIK DR. ANDRI",TA,2022-09-01,BRND005,SLCYL,"KLORPROMAZINA TABLET SALUT SELAPUT 100 MG",TABLET,CAB03,Lampung,22,5648.3,5648.2998046875,22,124263
IN6272_BRG0001,CUST55650,"APOTEK TAPAK",TD,2022-10-17,BRND001,"OGB & PH","ACYCLOVIR DUS",DUS,CAB04,Aceh,98,1169.91,1169.9100341796875,98,114651
IN6273_BRG0005,CUST55634,"KLINIK DR. ANDRI",TD,2022-10-01,BRND005,SLCYL,"KLORPROMAZINA TABLET SALUT SELAPUT 100 MG",TABLET,CAB03,Lampung,79,5648.3,5648.2998046875,79,446216
IN6274_BRG0004,CUST55423,"APOTEK SAHABAT",EPM,2022-03-04,BRND004,VNS,"TRAMADOL KAPSUL 50 MG",KAPSUL,CAB02,Padang,8,8700.7,8700.7001953125,8,69605.6
IN6275_BRG0009,CUST55568,"APOTEK MAJA",EPM,2022-07-27,BRND009,VNS,"AMBROXOL HC",BOTOL,CAB01,Kuningan,67,5780.7,5780.7001953125,67,387307
IN6276_BRG0002,CUST55481,"KLINIK SAHABAT",TD,2022-05-01,BRND002,ETIKAL,"ALERGINE TABLET SALUT",DUS,CAB01,Tangerang,1,2337.5,2337.5,1,2337.5
IN6277_BRG0010,CUST55629,"KLINIK GM",EPM,2022-09-26,BRND010,SLCYL,PARACETAMOL,BOTOL,CAB02,Jakarta,34,6940.3,6940.2998046875,34,235970
IN6278_BRG0004,CUST55499,"KLINIK DR. ANDRI",TD,2022-05-19,BRND010,SLCYL,"TRAMADOL KAPSUL 50 MG",KAPSUL,CAB03,Lampung,14,6940.3,6940.2998046875,14,97164.2
IN6279_BRG0004,CUST55529,"KLINIK DR. ANDRI",TD,2022-06-18,BRND010,SLCYL,"TRAMADOL KAPSUL 50 MG",KAPSUL,CAB03,Lampung,20,6940.3,6940.2998046875,20,138806
IN6280_BRG0005,CUST55384,"KLINIK SAHABAT",TD,2022-01-24,BRND005,SLCYL,"KLORPROMAZINA TABLET SALUT SELAPUT 100 MG",TABLET,CAB04,Tangerang,1,5648.3,5648.2998046875,1,5648.3
IN6281_BRG0006,CUST55415,"APOTEK SINAR JAYA",TA,2022-02-24,BRND006,"OGB & PH","KETOCONAZOLE TABLET 200 MG",TABLET,CAB09,Bekasi,10,2819.2,2819.199951171875,10,28192
IN6282_BRG0004,CUST55673,"APOTEK MAJA",EPM,2022-11-09,BRND004,VNS,"TRAMADOL KAPSUL 50 MG",KAPSUL,CAB01,Kuningan,9,8700.7,8700.7001953125,9,78306.3
IN6283_BRG0005,CUST55664,"KLINIK DR. ANDRI",TD,2022-10-31,BRND005,SLCYL,"KLORPROMAZINA TABLET SALUT SELAPUT 100 MG",TABLET,CAB03,Lampung,10,5648.3,5648.2998046875,10,56483
IN6284_BRG0001,CUST55540,"APOTEK MERDEKA",TA,2022-06-29,BRND001,"OGB & PH","ACYCLOVIR DUS",DUS,CAB03,Bandung,76,1169.91,1169.9100341796875,76,88913.2
IN6285_BRG0001,CUST55646,"KLINIK SAHABAT",EPM,2022-10-13,BRND007,ETIKAL,"ACYCLOVIR DUS",DUS,CAB01,Tangerang,130,4592.1,4592.10009765625,130,596973
IN6286_BRG0003,CUST55468,"APOTEK SAHABAT",TD,2022-04-18,BRND009,VNS,AMPICILLIN,BOTOL,CAB02,Padang,120,5780.7,5780.7001953125,120,693684
IN6287_BRG0002,CUST55391,"KLINIK SAHABAT",TD,2022-01-31,BRND002,ETIKAL,"ALERGINE TABLET SALUT",DUS,CAB01,Tangerang,17,2337.5,2337.5,17,39737.5
IN6288_BRG0003,CUST55682,"KLINIK GM",TA,2022-11-18,BRND003,MARCKS,AMPICILLIN,BOTOL,CAB06,Jakarta,17,10690.6,10690.599609375,17,181740
IN6289_BRG0003,CUST55492,"APOTEK TAPAK",TD,2022-05-12,BRND003,MARCKS,AMPICILLIN,BOTOL,CAB01,Aceh,25,10690.6,10690.599609375,25,267265
IN6290_BRG0003,CUST55592,"KLINIK GM",EPM,2022-08-20,BRND003,MARCKS,AMPICILLIN,BOTOL,CAB06,Jakarta,67,10690.6,10690.599609375,67,716270
IN6291_BRG0010,CUST55489,"KLINIK SAHABAT",TD,2022-05-09,BRND010,SLCYL,PARACETAMOL,BOTOL,CAB08,Tangerang,11,6940.3,6940.2998046875,11,76343.3
IN6292_BRG0002,CUST55467,"APOTEK SINAR JAYA",EPM,2022-04-17,BRND008,MARCKS,"ALERGINE TABLET SALUT",DUS,CAB01,Bekasi,10,3991.9,3991.89990234375,10,39919
IN6293_BRG0010,CUST55519,"KLINIK SAHABAT",TD,2022-06-08,BRND010,SLCYL,PARACETAMOL,BOTOL,CAB08,Tangerang,4,6940.3,6940.2998046875,4,27761.2
IN6294_BRG0002,CUST55711,"APOTEK MAJA",TD,2022-12-17,BRND002,ETIKAL,"ALERGINE TABLET SALUT",DUS,CAB05,Kuningan,98,2337.5,2337.5,98,229075
IN6295_BRG0004,CUST55653,"APOTEK MERDEKA",EPM,2022-10-20,BRND004,VNS,"TRAMADOL KAPSUL 50 MG",KAPSUL,CAB07,Bandung,8,8700.7,8700.7001953125,8,69605.6
IN6296_BRG0006,CUST55685,"APOTEK SINAR JAYA",TA,2022-11-21,BRND006,"OGB & PH","KETOCONAZOLE TABLET 200 MG",TABLET,CAB09,Bekasi,12,2819.2,2819.199951171875,12,33830.4
IN6297_BRG0002,CUST55381,"APOTEK MAJA",TD,2022-01-21,BRND002,ETIKAL,"ALERGINE TABLET SALUT",DUS,CAB01,Kuningan,5,2337.5,2337.5,5,11687.5
IN6298_BRG0003,CUST55652,"KLINIK GM",TA,2022-10-19,BRND003,MARCKS,AMPICILLIN,BOTOL,CAB06,Jakarta,4,10690.6,10690.599609375,4,42762.4
IN6299_BRG0005,CUST55514,"KLINIK DR. ANDRI",EPM,2022-06-03,BRND005,SLCYL,"KLORPROMAZINA TABLET SALUT SELAPUT 100 MG",TABLET,CAB03,Lampung,12,5648.3,5648.2998046875,12,67779.6
IN6300_BRG0008,CUST55507,"APOTEK TAPAK",EPM,2022-05-27,BRND008,MARCKS,"TETRACYCLINE KAPSUL 250 MG",KAPSUL,CAB01,Aceh,22,3991.9,3991.89990234375,22,87821.8
IN6301_BRG0004,CUST55393,"APOTEK SAHABAT",EPM,2022-02-02,BRND004,VNS,"TRAMADOL KAPSUL 50 MG",KAPSUL,CAB02,Padang,12,8700.7,8700.7001953125,12,104408
IN6302_BRG0006,CUST55565,"APOTEK SINAR JAYA",EPM,2022-07-24,BRND006,"OGB & PH","KETOCONAZOLE TABLET 200 MG",TABLET,CAB09,Bekasi,120,2819.2,2819.199951171875,120,338304
IN6303_BRG0010,CUST55539,"KLINIK GM",TD,2022-06-28,BRND010,SLCYL,PARACETAMOL,BOTOL,CAB02,Jakarta,95,6940.3,6940.2998046875,95,659328
IN6304_BRG0009,CUST55728,"APOTEK MERDEKA",TD,2023-01-03,BRND009,VNS,"AMBROXOL HC",BOTOL,CAB07,Bandung,44,5780.7,5780.7001953125,44,254351
IN6305_BRG0004,CUST55493,"APOTEK MAJA",TA,2022-05-13,BRND004,VNS,"TRAMADOL KAPSUL 50 MG",KAPSUL,CAB01,Kuningan,14,8700.7,8700.7001953125,14,121810
IN6306_BRG0001,CUST55430,"APOTEK SINAR JAYA",EPM,2022-03-11,BRND001,"OGB & PH","ACYCLOVIR DUS",DUS,CAB09,Bekasi,45,1169.91,1169.9100341796875,45,52646
IN6307_BRG0007,CUST55396,"APOTEK MAJA",EPM,2022-02-05,BRND007,ETIKAL,"ERGOTAMINE COFFEINE",BOTOL,CAB05,Kuningan,14,4592.1,4592.10009765625,14,64289.4
IN6308_BRG0007,CUST55516,"APOTEK MAJA",TD,2022-06-05,BRND007,ETIKAL,"ERGOTAMINE COFFEINE",BOTOL,CAB05,Kuningan,67,4592.1,4592.10009765625,67,307671
IN6309_BRG0008,CUST55627,"APOTEK TAPAK",TD,2022-09-24,BRND008,MARCKS,"TETRACYCLINE KAPSUL 250 MG",KAPSUL,CAB01,Aceh,45,3991.9,3991.89990234375,45,179636
IN6310_BRG0004,CUST55693,"APOTEK SAHABAT",EPM,2022-11-29,BRND004,VNS,"TRAMADOL KAPSUL 50 MG",KAPSUL,CAB02,Padang,14,8700.7,8700.7001953125,14,121810
IN6311_BRG0007,CUST55426,"APOTEK MAJA",EPM,2022-03-07,BRND007,ETIKAL,"ERGOTAMINE COFFEINE",BOTOL,CAB05,Kuningan,7,4592.1,4592.10009765625,7,32144.7
IN6312_BRG0006,CUST55725,"APOTEK TAPAK",TD,2022-12-31,BRND006,"OGB & PH","KETOCONAZOLE TABLET 200 MG",TABLET,CAB04,Aceh,34,2819.2,2819.199951171875,34,95852.8
IN6313_BRG0001,CUST55660,"APOTEK MERDEKA",TD,2022-10-27,BRND001,"OGB & PH","ACYCLOVIR DUS",DUS,CAB03,Bandung,24,1169.91,1169.9100341796875,24,28077.8
IN6314_BRG0002,CUST55527,"APOTEK SINAR JAYA",TA,2022-06-16,BRND008,MARCKS,"ALERGINE TABLET SALUT",DUS,CAB01,Bekasi,45,3991.9,3991.89990234375,45,179636
IN6315_BRG0004,CUST55643,"APOTEK MAJA",TD,2022-10-10,BRND004,VNS,"TRAMADOL KAPSUL 50 MG",KAPSUL,CAB01,Kuningan,14,8700.7,8700.7001953125,14,121810
IN6316_BRG0003,CUST55662,"APOTEK SINAR JAYA",TA,2022-10-29,BRND003,MARCKS,AMPICILLIN,BOTOL,CAB01,Bekasi,120,10690.6,10690.599609375,120,1282870
IN6317_BRG0003,CUST55522,"APOTEK TAPAK",TD,2022-06-11,BRND003,MARCKS,AMPICILLIN,BOTOL,CAB01,Aceh,10,10690.6,10690.599609375,10,106906
IN6318_BRG0003,CUST55462,"APOTEK TAPAK",TD,2022-04-12,BRND003,MARCKS,AMPICILLIN,BOTOL,CAB01,Aceh,22,10690.6,10690.599609375,22,235193
IN6319_BRG0004,CUST55553,"APOTEK MAJA",TD,2022-07-12,BRND004,VNS,"TRAMADOL KAPSUL 50 MG",KAPSUL,CAB01,Kuningan,98,8700.7,8700.7001953125,98,852669
IN6320_BRG0006,CUST55495,"APOTEK MERDEKA",TD,2022-05-15,BRND006,"OGB & PH","KETOCONAZOLE TABLET 200 MG",TABLET,CAB03,Bandung,67,2819.2,2819.199951171875,67,188886
IN6321_BRG0001,CUST55410,"APOTEK TAPAK",EPM,2022-02-19,BRND001,"OGB & PH","ACYCLOVIR DUS",DUS,CAB04,Aceh,22,1169.91,1169.9100341796875,22,25738
IN6322_BRG0009,CUST55488,"APOTEK MERDEKA",TD,2022-05-08,BRND009,VNS,"AMBROXOL HC",BOTOL,CAB07,Bandung,17,5780.7,5780.7001953125,17,98271.9
IN6323_BRG0004,CUST55439,"KLINIK DR. ANDRI",TA,2022-03-20,BRND010,SLCYL,"TRAMADOL KAPSUL 50 MG",KAPSUL,CAB03,Lampung,6,6940.3,6940.2998046875,6,41641.8
IN6324_BRG0007,CUST55686,"APOTEK SAHABAT",EPM,2022-11-22,BRND007,ETIKAL,"ERGOTAMINE COFFEINE",BOTOL,CAB10,Padang,25,4592.1,4592.10009765625,25,114802
IN6325_BRG0002,CUST55521,"APOTEK SAHABAT",EPM,2022-06-10,BRND002,ETIKAL,"ALERGINE TABLET SALUT",DUS,CAB10,Padang,9,2337.5,2337.5,9,21037.5
IN6326_BRG0009,CUST55458,"APOTEK MERDEKA",TD,2022-04-08,BRND009,VNS,"AMBROXOL HC",BOTOL,CAB07,Bandung,4,5780.7,5780.7001953125,4,23122.8
IN6327_BRG0009,CUST55448,"APOTEK MAJA",TD,2022-03-29,BRND009,VNS,"AMBROXOL HC",BOTOL,CAB01,Kuningan,25,5780.7,5780.7001953125,25,144518
