id_distributor,id_cabang,id_penjualan,id_invoice,id_customer,tanggal,id_barang,jumlah_barang,unit,harga,mata_uang,brand_id,lini,level,nama,cabang_sales,id_group,group,kode_barang,sektor,nama_barang,tipe,nama_tipe,kode_lini,kemasan
TD,CAB09,IN5978_BRG0001,IN5978,CUST55670,2022-11-06,BRG0001,9,DUS,1169.91,IDR,BRND001,"OGB & PH",Company,"APOTEK SINAR JAYA",Bekasi,Z32,Apotek,BRG0001,P,"ACYCLOVIR DUS",ZPJ1,"Produk jadi",206,DUS
TA,CAB01,IN5979_BRG0009,IN5979,CUST55598,2022-08-26,BRG0009,18,DUS,5780.7,IDR,BRND009,VNS,Company,"APOTEK MAJA",Kuningan,Z32,Apotek,BRG0009,P,"AMBROXOL HC",ZPJ1,"Produk jadi",207,BOTOL
TA,CAB01,IN5980_BRG0003,IN5980,CUST55432,2022-03-13,BRG0003,20,DUS,10690.6,IDR,BRND003,MARCKS,Company,"APOTEK TAPAK",Aceh,Z32,Apotek,BRG0003,P,AMPICILLIN,ZPJ1,"Produk jadi",210,BOTOL
EPM,CAB07,IN5981_BRG0004,IN5981,CUST55443,2022-03-24,BRG0004,76,DUS,8700.7,IDR,BRND004,VNS,Company,"APOTEK MERDEKA",Bandung,Z32,Apotek,BRG0004,P,"TRAMADOL KAPSUL 50 MG",ZPJ1,"Produk jadi",201,KAPSUL
TD,CAB09,IN5982_BRG0006,IN5982,CUST55535,2022-06-24,BRG0006,5,DUS,2819.2,IDR,BRND006,"OGB & PH",Company,"APOTEK SINAR JAYA",Bekasi,Z32,Apotek,BRG0006,P,"KETOCONAZOLE TABLET 200 MG",ZPJ1,"Produk jadi",205,TABLET
EPM,CAB06,IN5983_BRG0003,IN5983,CUST55622,2022-09-19,BRG0003,67,DUS,10690.6,IDR,BRND003,MARCKS,Company,"KLINIK GM",Jakarta,Z31,Klinik,BRG0003,P,AMPICILLIN,ZPJ1,"Produk jadi",210,BOTOL
TD,CAB08,IN5984_BRG0005,IN5984,CUST55714,2022-12-20,BRG0005,8,DUS,5648.3,IDR,BRND005,SLCYL,Company,"KLINIK SAHABAT",Tangerang,Z31,Klinik,BRG0005,P,"KLORPROMAZINA TABLET SALUT SELAPUT 100 MG",ZPJ1,"Produk jadi",203,TABLET
TD,CAB09,IN5985_BRG0001,IN5985,CUST55640,2022-10-07,BRG0001,22,DUS,1169.91,IDR,BRND001,"OGB & PH",Company,"APOTEK SINAR JAYA",Bekasi,Z32,Apotek,BRG0001,P,"ACYCLOVIR DUS",ZPJ1,"Produk jadi",206,DUS
TA,CAB01,IN5986_BRG0002,IN5986,CUST55557,2022-07-16,BRG0002,9,DUS,3991.9,IDR,BRND008,MARCKS,Company,"APOTEK SINAR JAYA",Bekasi,Z32,Apotek,BRG0002,P,"ALERGINE TABLET SALUT",ZPJ1,"Produk jadi",203,DUS
EPM,CAB02,IN5987_BRG0010,IN5987,CUST55659,2022-10-26,BRG0010,14,DUS,6940.3,IDR,BRND010,SLCYL,Company,"KLINIK GM",Jakarta,Z31,Klinik,BRG0010,P,PARACETAMOL,ZPJ1,"Produk jadi",208,BOTOL
EPM,CAB10,IN5988_BRG0002,IN5988,CUST55551,2022-07-10,BRG0002,10,DUS,2337.5,IDR,BRND002,ETIKAL,Company,"APOTEK SAHABAT",Padang,Z32,Apotek,BRG0002,P,"ALERGINE TABLET SALUT",ZPJ1,"Produk jadi",203,DUS
TA,CAB02,IN5989_BRG0010,IN5989,CUST55719,2022-12-25,BRG0010,67,DUS,6940.3,IDR,BRND010,SLCYL,Company,"KLINIK GM",Jakarta,Z31,Klinik,BRG0010,P,PARACETAMOL,ZPJ1,"Produk jadi",208,BOTOL
TA,CAB01,IN5990_BRG0001,IN5990,CUST55706,2022-12-12,BRG0001,10,DUS,4592.1,IDR,BRND007,ETIKAL,Company,"KLINIK SAHABAT",Tangerang,Z31,Klinik,BRG0001,P,"ACYCLOVIR DUS",ZPJ1,"Produk jadi",206,DUS
TD,CAB08,IN5991_BRG0005,IN5991,CUST55414,2022-02-23,BRG0005,24,DUS,5648.3,IDR,BRND005,SLCYL,Company,"KLINIK SAHABAT",Tangerang,Z31,Klinik,BRG0005,P,"KLORPROMAZINA TABLET SALUT SELAPUT 100 MG",ZPJ1,"Produk jadi",203,TABLET
EPM,CAB01,IN5992_BRG0002,IN5992,CUST55707,2022-12-13,BRG0002,23,DUS,3991.9,IDR,BRND008,MARCKS,Company,"APOTEK SINAR JAYA",Bekasi,Z32,Apotek,BRG0002,P,"ALERGINE TABLET SALUT",ZPJ1,"Produk jadi",203,DUS
TD,CAB10,IN5993_BRG0002,IN5993,CUST55671,2022-11-07,BRG0002,1,DUS,2337.5,IDR,BRND002,ETIKAL,Company,"APOTEK SAHABAT",Padang,Z32,Apotek,BRG0002,P,"ALERGINE TABLET SALUT",ZPJ1,"Produk jadi",203,DUS
TD,CAB05,IN5994_BRG0002,IN5994,CUST55411,2022-02-20,BRG0002,12,DUS,2337.5,IDR,BRND002,ETIKAL,Company,"APOTEK MAJA",Kuningan,Z32,Apotek,BRG0002,P,"ALERGINE TABLET SALUT",ZPJ1,"Produk jadi",203,DUS
TD,CAB06,IN5995_BRG0008,IN5995,CUST55607,2022-09-04,BRG0008,14,DUS,3991.9,IDR,BRND008,MARCKS,Company,"KLINIK GM",Jakarta,Z31,Klinik,BRG0008,P,"TETRACYCLINE KAPSUL 250 MG",ZPJ1,"Produk jadi",204,KAPSUL
EPM,CAB10,IN5996_BRG0007,IN5996,CUST55656,2022-10-23,BRG0007,22,DUS,4592.1,IDR,BRND007,ETIKAL,Company,"APOTEK SAHABAT",Padang,Z32,Apotek,BRG0007,P,"ERGOTAMINE COFFEINE",ZPJ1,"Produk jadi",206,BOTOL
TD,CAB01,IN5997_BRG0001,IN5997,CUST55380,2022-01-20,BRG0001,1,DUS,1169.91,IDR,BRND001,"OGB & PH",Company,"APOTEK TAPAK",Aceh,Z32,Apotek,BRG0001,P,"ACYCLOVIR DUS",ZPJ1,"Produk jadi",206,DUS
TD,CAB09,IN5998_BRG0001,IN5998,CUST55610,2022-09-07,BRG0001,23,DUS,1169.91,IDR,BRND001,"OGB & PH",Company,"APOTEK SINAR JAYA",Bekasi,Z32,Apotek,BRG0001,P,"ACYCLOVIR DUS",ZPJ1,"Produk jadi",206,DUS
EPM,CAB01,IN5999_BRG0003,IN5999,CUST55632,2022-09-29,BRG0003,5,DUS,10690.6,IDR,BRND003,MARCKS,Company,"APOTEK SINAR JAYA",Bekasi,Z32,Apotek,BRG0003,P,AMPICILLIN,ZPJ1,"Produk jadi",210,BOTOL
EPM,CAB01,IN6000_BRG0008,IN6000,CUST55717,2022-12-23,BRG0008,7,DUS,3991.9,IDR,BRND008,MARCKS,Company,"APOTEK TAPAK",Aceh,Z32,Apotek,BRG0008,P,"TETRACYCLINE KAPSUL 250 MG",ZPJ1,"Produk jadi",204,KAPSUL
TD,CAB02,IN6001_BRG0004,IN6001,CUST55603,2022-08-31,BRG0004,21,DUS,8700.7,IDR,BRND004,VNS,Company,"APOTEK SAHABAT",Padang,Z32,Apotek,BRG0004,P,"TRAMADOL KAPSUL 50 MG",ZPJ1,"Produk jadi",201,KAPSUL
TD,CAB05,IN6002_BRG0007,IN6002,CUST55546,2022-07-05,BRG0007,14,DUS,4592.1,IDR,BRND007,ETIKAL,Company,"APOTEK MAJA",Kuningan,Z32,Apotek,BRG0007,P,"ERGOTAMINE COFFEINE",ZPJ1,"Produk jadi",206,BOTOL
TD,CAB03,IN6003_BRG0005,IN6003,CUST55424,2022-03-05,BRG0005,9,DUS,5648.3,IDR,BRND005,SLCYL,Company,"KLINIK DR. ANDRI",Lampung,Z31,Klinik,BRG0005,P,"KLORPROMAZINA TABLET SALUT SELAPUT 100 MG",ZPJ1,"Produk jadi",203,TABLET
TA,CAB08,IN6004_BRG0010,IN6004,CUST55729,2023-01-04,BRG0010,5,DUS,6940.3,IDR,BRND010,SLCYL,Company,"KLINIK SAHABAT",Tangerang,Z31,Klinik,BRG0010,P,PARACETAMOL,ZPJ1,"Produk jadi",208,BOTOL
EPM,CAB01,IN6005_BRG0008,IN6005,CUST55447,2022-03-28,BRG0008,12,DUS,3991.9,IDR,BRND008,MARCKS,Company,"APOTEK TAPAK",Aceh,Z32,Apotek,BRG0008,P,"TETRACYCLINE KAPSUL 250 MG",ZPJ1,"Produk jadi",204,KAPSUL
TA,CAB02,IN6006_BRG0005,IN6006,CUST55554,2022-07-13,BRG0005,5,DUS,5648.3,IDR,BRND005,SLCYL,Company,"KLINIK GM",Jakarta,Z31,Klinik,BRG0005,P,"KLORPROMAZINA TABLET SALUT SELAPUT 100 MG",ZPJ1,"Produk jadi",203,TABLET
TD,CAB09,IN6007_BRG0006,IN6007,CUST55715,2022-12-21,BRG0006,9,DUS,2819.2,IDR,BRND006,"OGB & PH",Company,"APOTEK SINAR JAYA",Bekasi,Z32,Apotek,BRG0006,P,"KETOCONAZOLE TABLET 200 MG",ZPJ1,"Produk jadi",205,TABLET
TA,CAB03,IN6008_BRG0004,IN6008,CUST55469,2022-04-19,BRG0004,12,DUS,6940.3,IDR,BRND010,SLCYL,Company,"KLINIK DR. ANDRI",Lampung,Z31,Klinik,BRG0004,P,"TRAMADOL KAPSUL 50 MG",ZPJ1,"Produk jadi",201,KAPSUL
TD,CAB06,IN6009_BRG0008,IN6009,CUST55637,2022-10-04,BRG0008,76,DUS,3991.9,IDR,BRND008,MARCKS,Company,"KLINIK GM",Jakarta,Z31,Klinik,BRG0008,P,"TETRACYCLINE KAPSUL 250 MG",ZPJ1,"Produk jadi",204,KAPSUL
EPM,CAB01,IN6010_BRG0001,IN6010,CUST55676,2022-11-12,BRG0001,5,DUS,4592.1,IDR,BRND007,ETIKAL,Company,"KLINIK SAHABAT",Tangerang,Z31,Klinik,BRG0001,P,"ACYCLOVIR DUS",ZPJ1,"Produk jadi",206,DUS
TA,CAB01,IN6011_BRG0008,IN6011,CUST55567,2022-07-26,BRG0008,10,DUS,3991.9,IDR,BRND008,MARCKS,Company,"APOTEK TAPAK",Aceh,Z32,Apotek,BRG0008,P,"TETRACYCLINE KAPSUL 250 MG",ZPJ1,"Produk jadi",204,KAPSUL
TA,CAB06,IN6012_BRG0003,IN6012,CUST55712,2022-12-18,BRG0003,5,DUS,10690.6,IDR,BRND003,MARCKS,Company,"KLINIK GM",Jakarta,Z31,Klinik,BRG0003,P,AMPICILLIN,ZPJ1,"Produk jadi",210,BOTOL
TD,CAB01,IN6013_BRG0002,IN6013,CUST55407,2022-02-16,BRG0002,25,DUS,3991.9,IDR,BRND008,MARCKS,Company,"APOTEK SINAR JAYA",Bekasi,Z32,Apotek,BRG0002,P,"ALERGINE TABLET SALUT",ZPJ1,"Produk jadi",203,DUS
TA,CAB05,IN6014_BRG0002,IN6014,CUST55591,2022-08-19,BRG0002,34,DUS,2337.5,IDR,BRND002,ETIKAL,Company,"APOTEK MAJA",Kuningan,Z32,Apotek,BRG0002,P,"ALERGINE TABLET SALUT",ZPJ1,"Produk jadi",203,DUS
TD,CAB01,IN6015_BRG0003,IN6015,CUST55482,2022-05-02,BRG0003,5,DUS,10690.6,IDR,BRND003,MARCKS,Company,"APOTEK SINAR JAYA",Bekasi,Z32,Apotek,BRG0003,P,AMPICILLIN,ZPJ1,"Produk jadi",210,BOTOL
TD,CAB08,IN6016_BRG0010,IN6016,CUST55579,2022-08-07,BRG0010,5,DUS,6940.3,IDR,BRND010,SLCYL,Company,"KLINIK SAHABAT",Tangerang,Z31,Klinik,BRG0010,P,PARACETAMOL,ZPJ1,"Produk jadi",208,BOTOL
TA,CAB02,IN6017_BRG0004,IN6017,CUST55513,2022-06-02,BRG0004,23,DUS,8700.7,IDR,BRND004,VNS,Company,"APOTEK SAHABAT",Padang,Z32,Apotek,BRG0004,P,"TRAMADOL KAPSUL 50 MG",ZPJ1,"Produk jadi",201,KAPSUL
EPM,CAB01,IN6018_BRG0003,IN6018,CUST55602,2022-08-30,BRG0003,14,DUS,10690.6,IDR,BRND003,MARCKS,Company,"APOTEK SINAR JAYA",Bekasi,Z32,Apotek,BRG0003,P,AMPICILLIN,ZPJ1,"Produk jadi",210,BOTOL
EPM,CAB02,IN6019_BRG0004,IN6019,CUST55663,2022-10-30,BRG0004,12,DUS,8700.7,IDR,BRND004,VNS,Company,"APOTEK SAHABAT",Padang,Z32,Apotek,BRG0004,P,"TRAMADOL KAPSUL 50 MG",ZPJ1,"Produk jadi",201,KAPSUL
TA,CAB10,IN6020_BRG0002,IN6020,CUST55581,2022-08-09,BRG0002,1,DUS,2337.5,IDR,BRND002,ETIKAL,Company,"APOTEK SAHABAT",Padang,Z32,Apotek,BRG0002,P,"ALERGINE TABLET SALUT",ZPJ1,"Produk jadi",203,DUS
TD,CAB04,IN6021_BRG0001,IN6021,CUST55620,2022-09-17,BRG0001,7,DUS,1169.91,IDR,BRND001,"OGB & PH",Company,"APOTEK TAPAK",Aceh,Z32,Apotek,BRG0001,P,"ACYCLOVIR DUS",ZPJ1,"Produk jadi",206,DUS
TD,CAB08,IN6022_BRG0005,IN6022,CUST55654,2022-10-21,BRG0005,9,DUS,5648.3,IDR,BRND005,SLCYL,Company,"KLINIK SAHABAT",Tangerang,Z31,Klinik,BRG0005,P,"KLORPROMAZINA TABLET SALUT SELAPUT 100 MG",ZPJ1,"Produk jadi",203,TABLET
EPM,CAB08,IN6023_BRG0010,IN6023,CUST55399,2022-02-08,BRG0010,15,DUS,6940.3,IDR,BRND010,SLCYL,Company,"KLINIK SAHABAT",Tangerang,Z31,Klinik,BRG0010,P,PARACETAMOL,ZPJ1,"Produk jadi",208,BOTOL
TD,CAB03,IN6024_BRG0005,IN6024,CUST55394,2022-02-03,BRG0005,12,DUS,5648.3,IDR,BRND005,SLCYL,Company,"KLINIK DR. ANDRI",Lampung,Z31,Klinik,BRG0005,P,"KLORPROMAZINA TABLET SALUT SELAPUT 100 MG",ZPJ1,"Produk jadi",203,TABLET
TA,CAB01,IN6025_BRG0004,IN6025,CUST55523,2022-06-12,BRG0004,7,DUS,8700.7,IDR,BRND004,VNS,Company,"APOTEK MAJA",Kuningan,Z32,Apotek,BRG0004,P,"TRAMADOL KAPSUL 50 MG",ZPJ1,"Produk jadi",201,KAPSUL
EPM,CAB02,IN6026_BRG0003,IN6026,CUST55558,2022-07-17,BRG0003,21,DUS,5780.7,IDR,BRND009,VNS,Company,"APOTEK SAHABAT",Padang,Z32,Apotek,BRG0003,P,AMPICILLIN,ZPJ1,"Produk jadi",210,BOTOL
EPM,CAB01,IN6027_BRG0003,IN6027,CUST55612,2022-09-09,BRG0003,10,DUS,10690.6,IDR,BRND003,MARCKS,Company,"APOTEK TAPAK",Aceh,Z32,Apotek,BRG0003,P,AMPICILLIN,ZPJ1,"Produk jadi",210,BOTOL
EPM,CAB03,IN6028_BRG0001,IN6028,CUST55420,2022-03-01,BRG0001,98,DUS,1169.91,IDR,BRND001,"OGB & PH",Company,"APOTEK MERDEKA",Bandung,Z32,Apotek,BRG0001,P,"ACYCLOVIR DUS",ZPJ1,"Produk jadi",206,DUS
EPM,CAB09,IN6029_BRG0010,IN6029,CUST55389,2022-01-29,BRG0010,4,DUS,6940.3,IDR,BRND010,SLCYL,Company,"KLINIK GM",Jakarta,Z31,Klinik,BRG0010,P,PARACETAMOL,ZPJ1,"Produk jadi",208,BOTOL
TA,CAB03,IN6030_BRG0004,IN6030,CUST55709,2022-12-15,BRG0004,10,DUS,6940.3,IDR,BRND010,SLCYL,Company,"KLINIK DR. ANDRI",Lampung,Z31,Klinik,BRG0004,P,"TRAMADOL KAPSUL 50 MG",ZPJ1,"Produk jadi",201,KAPSUL
TD,CAB01,IN6031_BRG0001,IN6031,CUST55616,2022-09-13,BRG0001,4,DUS,4592.1,IDR,BRND007,ETIKAL,Company,"KLINIK SAHABAT",Tangerang,Z31,Klinik,BRG0001,P,"ACYCLOVIR DUS",ZPJ1,"Produk jadi",206,DUS
TA,CAB03,IN6032_BRG0004,IN6032,CUST55679,2022-11-15,BRG0004,23,DUS,6940.3,IDR,BRND010,SLCYL,Company,"KLINIK DR. ANDRI",Lampung,Z31,Klinik,BRG0004,P,"TRAMADOL KAPSUL 50 MG",ZPJ1,"Produk jadi",201,KAPSUL
TD,CAB01,IN6033_BRG0009,IN6033,CUST55688,2022-11-24,BRG0009,34,DUS,5780.7,IDR,BRND009,VNS,Company,"APOTEK MAJA",Kuningan,Z32,Apotek,BRG0009,P,"AMBROXOL HC",ZPJ1,"Produk jadi",207,BOTOL
TD,CAB06,IN6034_BRG0003,IN6034,CUST55562,2022-07-21,BRG0003,14,DUS,10690.6,IDR,BRND003,MARCKS,Company,"KLINIK GM",Jakarta,Z31,Klinik,BRG0003,P,AMPICILLIN,ZPJ1,"Produk jadi",210,BOTOL
EPM,CAB10,IN6035_BRG0007,IN6035,CUST55626,2022-09-23,BRG0007,20,DUS,4592.1,IDR,BRND007,ETIKAL,Company,"APOTEK SAHABAT",Padang,Z32,Apotek,BRG0007,P,"ERGOTAMINE COFFEINE",ZPJ1,"Produk jadi",206,BOTOL
TA,CAB08,IN6036_BRG0009,IN6036,CUST55388,2022-01-28,BRG0009,23,DUS,5780.7,IDR,BRND009,VNS,Company,"APOTEK MAJA",Kuningan,Z32,Apotek,BRG0009,P,"AMBROXOL HC",ZPJ1,"Produk jadi",207,BOTOL
TD,CAB01,IN6037_BRG0002,IN6037,CUST55721,2022-12-27,BRG0002,45,DUS,2337.5,IDR,BRND002,ETIKAL,Company,"KLINIK SAHABAT",Tangerang,Z31,Klinik,BRG0002,P,"ALERGINE TABLET SALUT",ZPJ1,"Produk jadi",203,DUS
TA,CAB06,IN6038_BRG0008,IN6038,CUST55517,2022-06-06,BRG0008,98,DUS,3991.9,IDR,BRND008,MARCKS,Company,"KLINIK GM",Jakarta,Z31,Klinik,BRG0008,P,"TETRACYCLINE KAPSUL 250 MG",ZPJ1,"Produk jadi",204,KAPSUL
EPM,CAB03,IN6039_BRG0001,IN6039,CUST55480,2022-04-30,BRG0001,13,DUS,1169.91,IDR,BRND001,"OGB & PH",Company,"APOTEK MERDEKA",Bandung,Z32,Apotek,BRG0001,P,"ACYCLOVIR DUS",ZPJ1,"Produk jadi",206,DUS
EPM,CAB04,IN6040_BRG0001,IN6040,CUST55470,2022-04-20,BRG0001,10,DUS,1169.91,IDR,BRND001,"OGB & PH",Company,"APOTEK TAPAK",Aceh,Z32,Apotek,BRG0001,P,"ACYCLOVIR DUS",ZPJ1,"Produk jadi",206,DUS
TD,CAB03,IN6041_BRG0001,IN6041,CUST55570,2022-07-29,BRG0001,5,DUS,1169.91,IDR,BRND001,"OGB & PH",Company,"APOTEK MERDEKA",Bandung,Z32,Apotek,BRG0001,P,"ACYCLOVIR DUS",ZPJ1,"Produk jadi",206,DUS
TD,CAB07,IN6042_BRG0009,IN6042,CUST55428,2022-03-09,BRG0009,67,DUS,5780.7,IDR,BRND009,VNS,Company,"APOTEK MERDEKA",Bandung,Z32,Apotek,BRG0009,P,"AMBROXOL HC",ZPJ1,"Produk jadi",207,BOTOL
TD,CAB09,IN6043_BRG0001,IN6043,CUST55580,2022-08-08,BRG0001,9,DUS,1169.91,IDR,BRND001,"OGB & PH",Company,"APOTEK SINAR JAYA",Bekasi,Z32,Apotek,BRG0001,P,"ACYCLOVIR DUS",ZPJ1,"Produk jadi",206,DUS
TD,CAB03,IN6044_BRG0005,IN6044,CUST55694,2022-11-30,BRG0005,18,DUS,5648.3,IDR,BRND005,SLCYL,Company,"KLINIK DR. ANDRI",Lampung,Z31,Klinik,BRG0005,P,"KLORPROMAZINA TABLET SALUT SELAPUT 100 MG",ZPJ1,"Produk jadi",203,TABLET
TA,CAB10,IN6045_BRG0007,IN6045,CUST55506,2022-05-26,BRG0007,21,DUS,4592.1,IDR,BRND007,ETIKAL,Company,"APOTEK SAHABAT",Padang,Z32,Apotek,BRG0007,P,"ERGOTAMINE COFFEINE",ZPJ1,"Produk jadi",206,BOTOL
TD,CAB01,IN6046_BRG0002,IN6046,CUST55691,2022-11-27,BRG0002,12,DUS,2337.5,IDR,BRND002,ETIKAL,Company,"KLINIK SAHABAT",Tangerang,Z31,Klinik,BRG0002,P,"ALERGINE TABLET SALUT",ZPJ1,"Produk jadi",203,DUS
TA,CAB04,IN6047_BRG0006,IN6047,CUST55635,2022-10-02,BRG0006,12,DUS,2819.2,IDR,BRND006,"OGB & PH",Company,"APOTEK TAPAK",Aceh,Z32,Apotek,BRG0006,P,"KETOCONAZOLE TABLET 200 MG",ZPJ1,"Produk jadi",205,TABLET
EPM,CAB02,IN6048_BRG0005,IN6048,CUST55464,2022-04-14,BRG0005,25,DUS,5648.3,IDR,BRND005,SLCYL,Company,"KLINIK GM",Jakarta,Z31,Klinik,BRG0005,P,"KLORPROMAZINA TABLET SALUT SELAPUT 100 MG",ZPJ1,"Produk jadi",203,TABLET
TA,CAB02,IN6049_BRG0010,IN6049,CUST55479,2022-04-29,BRG0010,9,DUS,6940.3,IDR,BRND010,SLCYL,Company,"KLINIK GM",Jakarta,Z31,Klinik,BRG0010,P,PARACETAMOL,ZPJ1,"Produk jadi",208,BOTOL
TD,CAB02,IN6050_BRG0005,IN6050,CUST55434,2022-03-15,BRG0005,34,DUS,5648.3,IDR,BRND005,SLCYL,Company,"KLINIK GM",Jakarta,Z31,Klinik,BRG0005,P,"KLORPROMAZINA TABLET SALUT SELAPUT 100 MG",ZPJ1,"Produk jadi",203,TABLET
TD,CAB07,IN6051_BRG0004,IN6051,CUST55593,2022-08-21,BRG0004,15,DUS,8700.7,IDR,BRND004,VNS,Company,"APOTEK MERDEKA",Bandung,Z32,Apotek,BRG0004,P,"TRAMADOL KAPSUL 50 MG",ZPJ1,"Produk jadi",201,KAPSUL
TA,CAB05,IN6052_BRG0006,IN6052,CUST55385,2022-01-25,BRG0006,5,DUS,2819.2,IDR,BRND006,"OGB & PH",Company,"APOTEK SINAR JAYA",Bekasi,Z32,Apotek,BRG0006,P,"KETOCONAZOLE TABLET 200 MG",ZPJ1,"Produk jadi",205,TABLET
EPM,CAB01,IN6053_BRG0002,IN6053,CUST55437,2022-03-18,BRG0002,44,DUS,3991.9,IDR,BRND008,MARCKS,Company,"APOTEK SINAR JAYA",Bekasi,Z32,Apotek,BRG0002,P,"ALERGINE TABLET SALUT",ZPJ1,"Produk jadi",203,DUS
TD,CAB03,IN6054_BRG0006,IN6054,CUST55435,2022-03-16,BRG0006,34,DUS,2819.2,IDR,BRND006,"OGB & PH",Company,"APOTEK MERDEKA",Bandung,Z32,Apotek,BRG0006,P,"KETOCONAZOLE TABLET 200 MG",ZPJ1,"Produk jadi",205,TABLET
TD,CAB01,IN6055_BRG0004,IN6055,CUST55583,2022-08-11,BRG0004,4,DUS,8700.7,IDR,BRND004,VNS,Company,"APOTEK MAJA",Kuningan,Z32,Apotek,BRG0004,P,"TRAMADOL KAPSUL 50 MG",ZPJ1,"Produk jadi",201,KAPSUL
TA,CAB05,IN6056_BRG0002,IN6056,CUST55621,2022-09-18,BRG0002,100,DUS,2337.5,IDR,BRND002,ETIKAL,Company,"APOTEK MAJA",Kuningan,Z32,Apotek,BRG0002,P,"ALERGINE TABLET SALUT",ZPJ1,"Produk jadi",203,DUS
TA,CAB02,IN6057_BRG0003,IN6057,CUST55648,2022-10-15,BRG0003,10,DUS,5780.7,IDR,BRND009,VNS,Company,"APOTEK SAHABAT",Padang,Z32,Apotek,BRG0003,P,AMPICILLIN,ZPJ1,"Produk jadi",210,BOTOL
TD,CAB06,IN6058_BRG0003,IN6058,CUST55532,2022-06-21,BRG0003,34,DUS,10690.6,IDR,BRND003,MARCKS,Company,"KLINIK GM",Jakarta,Z31,Klinik,BRG0003,P,AMPICILLIN,ZPJ1,"Produk jadi",210,BOTOL
EPM,CAB07,IN6059_BRG0004,IN6059,CUST55683,2022-11-19,BRG0004,11,DUS,8700.7,IDR,BRND004,VNS,Company,"APOTEK MERDEKA",Bandung,Z32,Apotek,BRG0004,P,"TRAMADOL KAPSUL 50 MG",ZPJ1,"Produk jadi",201,KAPSUL
TD,CAB02,IN6060_BRG0004,IN6060,CUST55543,2022-07-02,BRG0004,22,DUS,8700.7,IDR,BRND004,VNS,Company,"APOTEK SAHABAT",Padang,Z32,Apotek,BRG0004,P,"TRAMADOL KAPSUL 50 MG",ZPJ1,"Produk jadi",201,KAPSUL
TD,CAB10,IN6061_BRG0007,IN6061,CUST55566,2022-07-25,BRG0007,12,DUS,4592.1,IDR,BRND007,ETIKAL,Company,"APOTEK SAHABAT",Padang,Z32,Apotek,BRG0007,P,"ERGOTAMINE COFFEINE",ZPJ1,"Produk jadi",206,BOTOL
TA,CAB09,IN6062_BRG0001,IN6062,CUST55490,2022-05-10,BRG0001,12,DUS,1169.91,IDR,BRND001,"OGB & PH",Company,"APOTEK SINAR JAYA",Bekasi,Z32,Apotek,BRG0001,P,"ACYCLOVIR DUS",ZPJ1,"Produk jadi",206,DUS
TD,CAB01,IN6063_BRG0008,IN6063,CUST55417,2022-02-26,BRG0008,12,DUS,3991.9,IDR,BRND008,MARCKS,Company,"APOTEK TAPAK",Aceh,Z32,Apotek,BRG0008,P,"TETRACYCLINE KAPSUL 250 MG",ZPJ1,"Produk jadi",204,KAPSUL
TD,CAB04,IN6064_BRG0006,IN6064,CUST55515,2022-06-04,BRG0006,10,DUS,2819.2,IDR,BRND006,"OGB & PH",Company,"APOTEK TAPAK",Aceh,Z32,Apotek,BRG0006,P,"KETOCONAZOLE TABLET 200 MG",ZPJ1,"Produk jadi",205,TABLET
EPM,CAB08,IN6065_BRG0005,IN6065,CUST55474,2022-04-24,BRG0005,4,DUS,5648.3,IDR,BRND005,SLCYL,Company,"KLINIK SAHABAT",Tangerang,Z31,Klinik,BRG0005,P,"KLORPROMAZINA TABLET SALUT SELAPUT 100 MG",ZPJ1,"Produk jadi",203,TABLET
EPM,CAB01,IN6066_BRG0009,IN6066,CUST55538,2022-06-27,BRG0009,12,DUS,5780.7,IDR,BRND009,VNS,Company,"APOTEK MAJA",Kuningan,Z32,Apotek,BRG0009,P,"AMBROXOL HC",ZPJ1,"Produk jadi",207,BOTOL
TD,CAB02,IN6067_BRG0005,IN6067,CUST55704,2022-12-10,BRG0005,14,DUS,5648.3,IDR,BRND005,SLCYL,Company,"KLINIK GM",Jakarta,Z31,Klinik,BRG0005,P,"KLORPROMAZINA TABLET SALUT SELAPUT 100 MG",ZPJ1,"Produk jadi",203,TABLET
TD,CAB10,IN6068_BRG0007,IN6068,CUST55536,2022-06-25,BRG0007,6,DUS,4592.1,IDR,BRND007,ETIKAL,Company,"APOTEK SAHABAT",Padang,Z32,Apotek,BRG0007,P,"ERGOTAMINE COFFEINE",ZPJ1,"Produk jadi",206,BOTOL
TA,CAB01,IN6069_BRG0002,IN6069,CUST55571,2022-07-30,BRG0002,4,DUS,2337.5,IDR,BRND002,ETIKAL,Company,"KLINIK SAHABAT",Tangerang,Z31,Klinik,BRG0002,P,"ALERGINE TABLET SALUT",ZPJ1,"Produk jadi",203,DUS
TD,CAB04,IN6070_BRG0006,IN6070,CUST55485,2022-05-05,BRG0006,23,DUS,2819.2,IDR,BRND006,"OGB & PH",Company,"APOTEK TAPAK",Aceh,Z32,Apotek,BRG0006,P,"KETOCONAZOLE TABLET 200 MG",ZPJ1,"Produk jadi",205,TABLET
EPM,CAB05,IN6071_BRG0007,IN6071,CUST55636,2022-10-03,BRG0007,95,DUS,4592.1,IDR,BRND007,ETIKAL,Company,"APOTEK MAJA",Kuningan,Z32,Apotek,BRG0007,P,"ERGOTAMINE COFFEINE",ZPJ1,"Produk jadi",206,BOTOL
EPM,CAB01,IN6072_BRG0008,IN6072,CUST55477,2022-04-27,BRG0008,1,DUS,3991.9,IDR,BRND008,MARCKS,Company,"APOTEK TAPAK",Aceh,Z32,Apotek,BRG0008,P,"TETRACYCLINE KAPSUL 250 MG",ZPJ1,"Produk jadi",204,KAPSUL
TA,CAB01,IN6073_BRG0009,IN6073,CUST55628,2022-09-25,BRG0009,34,DUS,5780.7,IDR,BRND009,VNS,Company,"APOTEK MAJA",Kuningan,Z32,Apotek,BRG0009,P,"AMBROXOL HC",ZPJ1,"Produk jadi",207,BOTOL
TD,CAB06,IN6074_BRG0003,IN6074,CUST55472,2022-04-22,BRG0003,98,DUS,10690.6,IDR,BRND003,MARCKS,Company,"KLINIK GM",Jakarta,Z31,Klinik,BRG0003,P,AMPICILLIN,ZPJ1,"Produk jadi",210,BOTOL
TA,CAB07,IN6075_BRG0009,IN6075,CUST55638,2022-10-05,BRG0009,48,DUS,5780.7,IDR,BRND009,VNS,Company,"APOTEK MERDEKA",Bandung,Z32,Apotek,BRG0009,P,"AMBROXOL HC",ZPJ1,"Produk jadi",207,BOTOL
TA,CAB08,IN6076_BRG0005,IN6076,CUST55594,2022-08-22,BRG0005,12,DUS,5648.3,IDR,BRND005,SLCYL,Company,"KLINIK SAHABAT",Tangerang,Z31,Klinik,BRG0005,P,"KLORPROMAZINA TABLET SALUT SELAPUT 100 MG",ZPJ1,"Produk jadi",203,TABLET
TD,CAB01,IN6077_BRG0002,IN6077,CUST55647,2022-10-14,BRG0002,12,DUS,3991.9,IDR,BRND008,MARCKS,Company,"APOTEK SINAR JAYA",Bekasi,Z32,Apotek,BRG0002,P,"ALERGINE TABLET SALUT",ZPJ1,"Produk jadi",203,DUS
TD,CAB03,IN6078_BRG0001,IN6078,CUST55600,2022-08-28,BRG0001,12,DUS,1169.91,IDR,BRND001,"OGB & PH",Company,"APOTEK MERDEKA",Bandung,Z32,Apotek,BRG0001,P,"ACYCLOVIR DUS",ZPJ1,"Produk jadi",206,DUS
EPM,CAB02,IN6079_BRG0005,IN6079,CUST55494,2022-05-14,BRG0005,34,DUS,5648.3,IDR,BRND005,SLCYL,Company,"KLINIK GM",Jakarta,Z31,Klinik,BRG0005,P,"KLORPROMAZINA TABLET SALUT SELAPUT 100 MG",ZPJ1,"Produk jadi",203,TABLET
TD,CAB10,IN6080_BRG0007,IN6080,CUST55596,2022-08-24,BRG0007,14,DUS,4592.1,IDR,BRND007,ETIKAL,Company,"APOTEK SAHABAT",Padang,Z32,Apotek,BRG0007,P,"ERGOTAMINE COFFEINE",ZPJ1,"Produk jadi",206,BOTOL
TD,CAB03,IN6081_BRG0004,IN6081,CUST55589,2022-08-17,BRG0004,25,DUS,6940.3,IDR,BRND010,SLCYL,Company,"KLINIK DR. ANDRI",Lampung,Z31,Klinik,BRG0004,P,"TRAMADOL KAPSUL 50 MG",ZPJ1,"Produk jadi",201,KAPSUL
TD,CAB01,IN6082_BRG0002,IN6082,CUST55617,2022-09-14,BRG0002,8,DUS,3991.9,IDR,BRND008,MARCKS,Company,"APOTEK SINAR JAYA",Bekasi,Z32,Apotek,BRG0002,P,"ALERGINE TABLET SALUT",ZPJ1,"Produk jadi",203,DUS
EPM,CAB06,IN6083_BRG0008,IN6083,CUST55487,2022-05-07,BRG0008,2,DUS,3991.9,IDR,BRND008,MARCKS,Company,"KLINIK GM",Jakarta,Z31,Klinik,BRG0008,P,"TETRACYCLINE KAPSUL 250 MG",ZPJ1,"Produk jadi",204,KAPSUL
TD,CAB05,IN6084_BRG0002,IN6084,CUST55471,2022-04-21,BRG0002,67,DUS,2337.5,IDR,BRND002,ETIKAL,Company,"APOTEK MAJA",Kuningan,Z32,Apotek,BRG0002,P,"ALERGINE TABLET SALUT",ZPJ1,"Produk jadi",203,DUS
TA,CAB01,IN6085_BRG0002,IN6085,CUST55601,2022-08-29,BRG0002,25,DUS,2337.5,IDR,BRND002,ETIKAL,Company,"KLINIK SAHABAT",Tangerang,Z31,Klinik,BRG0002,P,"ALERGINE TABLET SALUT",ZPJ1,"Produk jadi",203,DUS
TD,CAB02,IN6086_BRG0003,IN6086,CUST55408,2022-02-17,BRG0003,14,DUS,5780.7,IDR,BRND009,VNS,Company,"APOTEK SAHABAT",Padang,Z32,Apotek,BRG0003,P,AMPICILLIN,ZPJ1,"Produk jadi",210,BOTOL
TA,CAB04,IN6087_BRG0001,IN6087,CUST55560,2022-07-19,BRG0001,12,DUS,1169.91,IDR,BRND001,"OGB & PH",Company,"APOTEK TAPAK",Aceh,Z32,Apotek,BRG0001,P,"ACYCLOVIR DUS",ZPJ1,"Produk jadi",206,DUS
EPM,CAB07,IN6088_BRG0009,IN6088,CUST55548,2022-07-07,BRG0009,10,DUS,5780.7,IDR,BRND009,VNS,Company,"APOTEK MERDEKA",Bandung,Z32,Apotek,BRG0009,P,"AMBROXOL HC",ZPJ1,"Produk jadi",207,BOTOL
EPM,CAB06,IN6089_BRG0007,IN6089,CUST55386,2022-01-26,BRG0007,9,DUS,4592.1,IDR,BRND007,ETIKAL,Company,"APOTEK SAHABAT",Padang,Z32,Apotek,BRG0007,P,"ERGOTAMINE COFFEINE",ZPJ1,"Produk jadi",206,BOTOL
TA,CAB09,IN6090_BRG0006,IN6090,CUST55655,2022-10-22,BRG0006,21,DUS,2819.2,IDR,BRND006,"OGB & PH",Company,"APOTEK SINAR JAYA",Bekasi,Z32,Apotek,BRG0006,P,"KETOCONAZOLE TABLET 200 MG",ZPJ1,"Produk jadi",205,TABLET
TD,CAB01,IN6091_BRG0008,IN6091,CUST55687,2022-11-23,BRG0008,14,DUS,3991.9,IDR,BRND008,MARCKS,Company,"APOTEK TAPAK",Aceh,Z32,Apotek,BRG0008,P,"TETRACYCLINE KAPSUL 250 MG",ZPJ1,"Produk jadi",204,KAPSUL
TA,CAB02,IN6092_BRG0005,IN6092,CUST55584,2022-08-12,BRG0005,2,DUS,5648.3,IDR,BRND005,SLCYL,Company,"KLINIK GM",Jakarta,Z31,Klinik,BRG0005,P,"KLORPROMAZINA TABLET SALUT SELAPUT 100 MG",ZPJ1,"Produk jadi",203,TABLET
TD,CAB02,IN6093_BRG0005,IN6093,CUST55674,2022-11-10,BRG0005,13,DUS,5648.3,IDR,BRND005,SLCYL,Company,"KLINIK GM",Jakarta,Z31,Klinik,BRG0005,P,"KLORPROMAZINA TABLET SALUT SELAPUT 100 MG",ZPJ1,"Produk jadi",203,TABLET
EPM,CAB04,IN6094_BRG0001,IN6094,CUST55710,2022-12-16,BRG0001,67,DUS,1169.91,IDR,BRND001,"OGB & PH",Company,"APOTEK TAPAK",Aceh,Z32,Apotek,BRG0001,P,"ACYCLOVIR DUS",ZPJ1,"Produk jadi",206,DUS
TD,CAB01,IN6095_BRG0009,IN6095,CUST55478,2022-04-28,BRG0009,5,DUS,5780.7,IDR,BRND009,VNS,Company,"APOTEK MAJA",Kuningan,Z32,Apotek,BRG0009,P,"AMBROXOL HC",ZPJ1,"Produk jadi",207,BOTOL
EPM,CAB05,IN6096_BRG0002,IN6096,CUST55561,2022-07-20,BRG0002,25,DUS,2337.5,IDR,BRND002,ETIKAL,Company,"APOTEK MAJA",Kuningan,Z32,Apotek,BRG0002,P,"ALERGINE TABLET SALUT",ZPJ1,"Produk jadi",203,DUS
TD,CAB01,IN6097_BRG0009,IN6097,CUST55718,2022-12-24,BRG0009,100,DUS,5780.7,IDR,BRND009,VNS,Company,"APOTEK MAJA",Kuningan,Z32,Apotek,BRG0009,P,"AMBROXOL HC",ZPJ1,"Produk jadi",207,BOTOL
EPM,CAB02,IN6098_BRG0010,IN6098,CUST55599,2022-08-27,BRG0010,19,DUS,6940.3,IDR,BRND010,SLCYL,Company,"KLINIK GM",Jakarta,Z31,Klinik,BRG0010,P,PARACETAMOL,ZPJ1,"Produk jadi",208,BOTOL
EPM,CAB06,IN6099_BRG0008,IN6099,CUST55457,2022-04-07,BRG0008,5,DUS,3991.9,IDR,BRND008,MARCKS,Company,"KLINIK GM",Jakarta,Z31,Klinik,BRG0008,P,"TETRACYCLINE KAPSUL 250 MG",ZPJ1,"Produk jadi",204,KAPSUL
TD,CAB01,IN6100_BRG0002,IN6100,CUST55677,2022-11-13,BRG0002,9,DUS,3991.9,IDR,BRND008,MARCKS,Company,"APOTEK SINAR JAYA",Bekasi,Z32,Apotek,BRG0002,P,"ALERGINE TABLET SALUT",ZPJ1,"Produk jadi",203,DUS
EPM,CAB02,IN6101_BRG0004,IN6101,CUST55723,2022-12-29,BRG0004,20,DUS,8700.7,IDR,BRND004,VNS,Company,"APOTEK SAHABAT",Padang,Z32,Apotek,BRG0004,P,"TRAMADOL KAPSUL 50 MG",ZPJ1,"Produk jadi",201,KAPSUL
TA,CAB01,IN6102_BRG0003,IN6102,CUST55392,2022-02-01,BRG0003,11,DUS,10690.6,IDR,BRND003,MARCKS,Company,"APOTEK SINAR JAYA",Bekasi,Z32,Apotek,BRG0003,P,AMPICILLIN,ZPJ1,"Produk jadi",210,BOTOL
TA,CAB01,IN6103_BRG0001,IN6103,CUST55496,2022-05-16,BRG0001,15,DUS,4592.1,IDR,BRND007,ETIKAL,Company,"KLINIK SAHABAT",Tangerang,Z31,Klinik,BRG0001,P,"ACYCLOVIR DUS",ZPJ1,"Produk jadi",206,DUS
EPM,CAB01,IN6104_BRG0004,IN6104,CUST55433,2022-03-14,BRG0004,45,DUS,8700.7,IDR,BRND004,VNS,Company,"APOTEK MAJA",Kuningan,Z32,Apotek,BRG0004,P,"TRAMADOL KAPSUL 50 MG",ZPJ1,"Produk jadi",201,KAPSUL
EPM,CAB09,IN6105_BRG0001,IN6105,CUST55700,2022-12-06,BRG0001,21,DUS,1169.91,IDR,BRND001,"OGB & PH",Company,"APOTEK SINAR JAYA",Bekasi,Z32,Apotek,BRG0001,P,"ACYCLOVIR DUS",ZPJ1,"Produk jadi",206,DUS
EPM,CAB07,IN6106_BRG0004,IN6106,CUST55713,2022-12-19,BRG0004,4,DUS,8700.7,IDR,BRND004,VNS,Company,"APOTEK MERDEKA",Bandung,Z32,Apotek,BRG0004,P,"TRAMADOL KAPSUL 50 MG",ZPJ1,"Produk jadi",201,KAPSUL
EPM,CAB01,IN6107_BRG0002,IN6107,CUST55511,2022-05-31,BRG0002,24,DUS,2337.5,IDR,BRND002,ETIKAL,Company,"KLINIK SAHABAT",Tangerang,Z31,Klinik,BRG0002,P,"ALERGINE TABLET SALUT",ZPJ1,"Produk jadi",203,DUS
TA,CAB03,IN6108_BRG0004,IN6108,CUST55409,2022-02-18,BRG0004,21,DUS,6940.3,IDR,BRND010,SLCYL,Company,"KLINIK DR. ANDRI",Lampung,Z31,Klinik,BRG0004,P,"TRAMADOL KAPSUL 50 MG",ZPJ1,"Produk jadi",201,KAPSUL
TA,CAB01,IN6109_BRG0003,IN6109,CUST55702,2022-12-08,BRG0003,12,DUS,10690.6,IDR,BRND003,MARCKS,Company,"APOTEK TAPAK",Aceh,Z32,Apotek,BRG0003,P,AMPICILLIN,ZPJ1,"Produk jadi",210,BOTOL
TD,CAB05,IN6110_BRG0007,IN6110,CUST55576,2022-08-04,BRG0007,9,DUS,4592.1,IDR,BRND007,ETIKAL,Company,"APOTEK MAJA",Kuningan,Z32,Apotek,BRG0007,P,"ERGOTAMINE COFFEINE",ZPJ1,"Produk jadi",206,BOTOL
TD,CAB01,IN6111_BRG0008,IN6111,CUST55657,2022-10-24,BRG0008,12,DUS,3991.9,IDR,BRND008,MARCKS,Company,"APOTEK TAPAK",Aceh,Z32,Apotek,BRG0008,P,"TETRACYCLINE KAPSUL 250 MG",ZPJ1,"Produk jadi",204,KAPSUL
TA,CAB05,IN6112_BRG0007,IN6112,CUST55726,2023-01-01,BRG0007,34,DUS,4592.1,IDR,BRND007,ETIKAL,Company,"APOTEK MAJA",Kuningan,Z32,Apotek,BRG0007,P,"ERGOTAMINE COFFEINE",ZPJ1,"Produk jadi",206,BOTOL
TD,CAB09,IN6113_BRG0001,IN6113,CUST55400,2022-02-09,BRG0001,12,DUS,1169.91,IDR,BRND001,"OGB & PH",Company,"APOTEK SINAR JAYA",Bekasi,Z32,Apotek,BRG0001,P,"ACYCLOVIR DUS",ZPJ1,"Produk jadi",206,DUS
TD,CAB02,IN6114_BRG0010,IN6114,CUST55569,2022-07-28,BRG0010,98,DUS,6940.3,IDR,BRND010,SLCYL,Company,"KLINIK GM",Jakarta,Z31,Klinik,BRG0010,P,PARACETAMOL,ZPJ1,"Produk jadi",208,BOTOL
TA,CAB10,IN6115_BRG0007,IN6115,CUST55716,2022-12-22,BRG0007,10,DUS,4592.1,IDR,BRND007,ETIKAL,Company,"APOTEK SAHABAT",Padang,Z32,Apotek,BRG0007,P,"ERGOTAMINE COFFEINE",ZPJ1,"Produk jadi",206,BOTOL
TD,CAB04,IN6116_BRG0006,IN6116,CUST55455,2022-04-05,BRG0006,67,DUS,2819.2,IDR,BRND006,"OGB & PH",Company,"APOTEK TAPAK",Aceh,Z32,Apotek,BRG0006,P,"KETOCONAZOLE TABLET 200 MG",ZPJ1,"Produk jadi",205,TABLET
TD,CAB06,IN6117_BRG0008,IN6117,CUST55667,2022-11-03,BRG0008,5,DUS,3991.9,IDR,BRND008,MARCKS,Company,"KLINIK GM",Jakarta,Z31,Klinik,BRG0008,P,"TETRACYCLINE KAPSUL 250 MG",ZPJ1,"Produk jadi",204,KAPSUL
TD,CAB06,IN6118_BRG0003,IN6118,CUST55502,2022-05-22,BRG0003,19,DUS,10690.6,IDR,BRND003,MARCKS,Company,"KLINIK GM",Jakarta,Z31,Klinik,BRG0003,P,AMPICILLIN,ZPJ1,"Produk jadi",210,BOTOL
TA,CAB02,IN6119_BRG0010,IN6119,CUST55449,2022-03-30,BRG0010,14,DUS,6940.3,IDR,BRND010,SLCYL,Company,"KLINIK GM",Jakarta,Z31,Klinik,BRG0010,P,PARACETAMOL,ZPJ1,"Produk jadi",208,BOTOL
TD,CAB03,IN6120_BRG0006,IN6120,CUST55465,2022-04-15,BRG0006,14,DUS,2819.2,IDR,BRND006,"OGB & PH",Company,"APOTEK MERDEKA",Bandung,Z32,Apotek,BRG0006,P,"KETOCONAZOLE TABLET 200 MG",ZPJ1,"Produk jadi",205,TABLET
EPM,CAB05,IN6121_BRG0007,IN6121,CUST55666,2022-11-02,BRG0007,98,DUS,4592.1,IDR,BRND007,ETIKAL,Company,"APOTEK MAJA",Kuningan,Z32,Apotek,BRG0007,P,"ERGOTAMINE COFFEINE",ZPJ1,"Produk jadi",206,BOTOL
TD,CAB09,IN6122_BRG0006,IN6122,CUST55445,2022-03-26,BRG0006,21,DUS,2819.2,IDR,BRND006,"OGB & PH",Company,"APOTEK SINAR JAYA",Bekasi,Z32,Apotek,BRG0006,P,"KETOCONAZOLE TABLET 200 MG",ZPJ1,"Produk jadi",205,TABLET
TD,CAB06,IN6123_BRG0008,IN6123,CUST55697,2022-12-03,BRG0008,12,DUS,3991.9,IDR,BRND008,MARCKS,Company,"KLINIK GM",Jakarta,Z31,Klinik,BRG0008,P,"TETRACYCLINE KAPSUL 250 MG",ZPJ1,"Produk jadi",204,KAPSUL
TA,CAB06,IN6124_BRG0003,IN6124,CUST55442,2022-03-23,BRG0003,95,DUS,10690.6,IDR,BRND003,MARCKS,Company,"KLINIK GM",Jakarta,Z31,Klinik,BRG0003,P,AMPICILLIN,ZPJ1,"Produk jadi",210,BOTOL
TA,CAB01,IN6125_BRG0003,IN6125,CUST55402,2022-02-11,BRG0003,14,DUS,10690.6,IDR,BRND003,MARCKS,Company,"APOTEK TAPAK",Aceh,Z32,Apotek,BRG0003,P,AMPICILLIN,ZPJ1,"Produk jadi",210,BOTOL
TD,CAB08,IN6126_BRG0005,IN6126,CUST55624,2022-09-21,BRG0005,45,DUS,5648.3,IDR,BRND005,SLCYL,Company,"KLINIK SAHABAT",Tangerang,Z31,Klinik,BRG0005,P,"KLORPROMAZINA TABLET SALUT SELAPUT 100 MG",ZPJ1,"Produk jadi",203,TABLET
TA,CAB09,IN6127_BRG0006,IN6127,CUST55625,2022-09-22,BRG0006,34,DUS,2819.2,IDR,BRND006,"OGB & PH",Company,"APOTEK SINAR JAYA",Bekasi,Z32,Apotek,BRG0006,P,"KETOCONAZOLE TABLET 200 MG",ZPJ1,"Produk jadi",205,TABLET
TA,CAB01,IN6128_BRG0008,IN6128,CUST55537,2022-06-26,BRG0008,79,DUS,3991.9,IDR,BRND008,MARCKS,Company,"APOTEK TAPAK",Aceh,Z32,Apotek,BRG0008,P,"TETRACYCLINE KAPSUL 250 MG",ZPJ1,"Produk jadi",204,KAPSUL
TD,CAB01,IN6129_BRG0001,IN6129,CUST55556,2022-07-15,BRG0001,8,DUS,4592.1,IDR,BRND007,ETIKAL,Company,"KLINIK SAHABAT",Tangerang,Z31,Klinik,BRG0001,P,"ACYCLOVIR DUS",ZPJ1,"Produk jadi",206,DUS
EPM,CAB07,IN6130_BRG0009,IN6130,CUST55518,2022-06-07,BRG0009,5,DUS,5780.7,IDR,BRND009,VNS,Company,"APOTEK MERDEKA",Bandung,Z32,Apotek,BRG0009,P,"AMBROXOL HC",ZPJ1,"Produk jadi",207,BOTOL
TD,CAB01,IN6131_BRG0009,IN6131,CUST55418,2022-02-27,BRG0009,10,DUS,5780.7,IDR,BRND009,VNS,Company,"APOTEK MAJA",Kuningan,Z32,Apotek,BRG0009,P,"AMBROXOL HC",ZPJ1,"Produk jadi",207,BOTOL
TD,CAB02,IN6132_BRG0003,IN6132,CUST55708,2022-12-14,BRG0003,12,DUS,5780.7,IDR,BRND009,VNS,Company,"APOTEK SAHABAT",Padang,Z32,Apotek,BRG0003,P,AMPICILLIN,ZPJ1,"Produk jadi",210,BOTOL
TA,CAB08,IN6133_BRG0010,IN6133,CUST55429,2022-03-10,BRG0010,78,DUS,6940.3,IDR,BRND010,SLCYL,Company,"KLINIK SAHABAT",Tangerang,Z31,Klinik,BRG0010,P,PARACETAMOL,ZPJ1,"Produk jadi",208,BOTOL
TD,CAB05,IN6134_BRG0002,IN6134,CUST55441,2022-03-22,BRG0002,12,DUS,2337.5,IDR,BRND002,ETIKAL,Company,"APOTEK MAJA",Kuningan,Z32,Apotek,BRG0002,P,"ALERGINE TABLET SALUT",ZPJ1,"Produk jadi",203,DUS
TA,CAB09,IN6135_BRG0001,IN6135,CUST55550,2022-07-09,BRG0001,12,DUS,1169.91,IDR,BRND001,"OGB & PH",Company,"APOTEK SINAR JAYA",Bekasi,Z32,Apotek,BRG0001,P,"ACYCLOVIR DUS",ZPJ1,"Produk jadi",206,DUS
TD,CAB01,IN6136_BRG0001,IN6136,CUST55526,2022-06-15,BRG0001,78,DUS,4592.1,IDR,BRND007,ETIKAL,Company,"KLINIK SAHABAT",Tangerang,Z31,Klinik,BRG0001,P,"ACYCLOVIR DUS",ZPJ1,"Produk jadi",206,DUS
TD,CAB02,IN6137_BRG0004,IN6137,CUST55573,2022-08-01,BRG0004,9,DUS,8700.7,IDR,BRND004,VNS,Company,"APOTEK SAHABAT",Padang,Z32,Apotek,BRG0004,P,"TRAMADOL KAPSUL 50 MG",ZPJ1,"Produk jadi",201,KAPSUL
TD,CAB01,IN6138_BRG0002,IN6138,CUST55661,2022-10-28,BRG0002,10,DUS,2337.5,IDR,BRND002,ETIKAL,Company,"KLINIK SAHABAT",Tangerang,Z31,Klinik,BRG0002,P,"ALERGINE TABLET SALUT",ZPJ1,"Produk jadi",203,DUS
TD,CAB07,IN6139_BRG0004,IN6139,CUST55623,2022-09-20,BRG0004,78,DUS,8700.7,IDR,BRND004,VNS,Company,"APOTEK MERDEKA",Bandung,Z32,Apotek,BRG0004,P,"TRAMADOL KAPSUL 50 MG",ZPJ1,"Produk jadi",201,KAPSUL
EPM,CAB09,IN6140_BRG0006,IN6140,CUST55595,2022-08-23,BRG0006,25,DUS,2819.2,IDR,BRND006,"OGB & PH",Company,"APOTEK SINAR JAYA",Bekasi,Z32,Apotek,BRG0006,P,"KETOCONAZOLE TABLET 200 MG",ZPJ1,"Produk jadi",205,TABLET
TD,CAB10,IN6141_BRG0002,IN6141,CUST55401,2022-02-10,BRG0002,25,DUS,2337.5,IDR,BRND002,ETIKAL,Company,"APOTEK SAHABAT",Padang,Z32,Apotek,BRG0002,P,"ALERGINE TABLET SALUT",ZPJ1,"Produk jadi",203,DUS
TD,CAB03,IN6142_BRG0005,IN6142,CUST55724,2022-12-30,BRG0005,45,DUS,5648.3,IDR,BRND005,SLCYL,Company,"KLINIK DR. ANDRI",Lampung,Z31,Klinik,BRG0005,P,"KLORPROMAZINA TABLET SALUT SELAPUT 100 MG",ZPJ1,"Produk jadi",203,TABLET
TD,CAB03,IN6143_BRG0006,IN6143,CUST55705,2022-12-11,BRG0006,24,DUS,2819.2,IDR,BRND006,"OGB & PH",Company,"APOTEK MERDEKA",Bandung,Z32,Apotek,BRG0006,P,"KETOCONAZOLE TABLET 200 MG",ZPJ1,"Produk jadi",205,TABLET
EPM,CAB03,IN6144_BRG0004,IN6144,CUST55383,2022-01-23,BRG0004,13,DUS,8700.7,IDR,BRND004,VNS,Company,"APOTEK MERDEKA",Bandung,Z32,Apotek,BRG0004,P,"TRAMADOL KAPSUL 50 MG",ZPJ1,"Produk jadi",201,KAPSUL
EPM,CAB01,IN6145_BRG0003,IN6145,CUST55642,2022-10-09,BRG0003,25,DUS,10690.6,IDR,BRND003,MARCKS,Company,"APOTEK TAPAK",Aceh,Z32,Apotek,BRG0003,P,AMPICILLIN,ZPJ1,"Produk jadi",210,BOTOL
TA,CAB06,IN6146_BRG0003,IN6146,CUST55412,2022-02-21,BRG0003,25,DUS,10690.6,IDR,BRND003,MARCKS,Company,"KLINIK GM",Jakarta,Z31,Klinik,BRG0003,P,AMPICILLIN,ZPJ1,"Produk jadi",210,BOTOL
EPM,CAB03,IN6147_BRG0006,IN6147,CUST55555,2022-07-14,BRG0006,4,DUS,2819.2,IDR,BRND006,"OGB & PH",Company,"APOTEK MERDEKA",Bandung,Z32,Apotek,BRG0006,P,"KETOCONAZOLE TABLET 200 MG",ZPJ1,"Produk jadi",205,TABLET
TA,CAB10,IN6148_BRG0007,IN6148,CUST55476,2022-04-26,BRG0007,9,DUS,4592.1,IDR,BRND007,ETIKAL,Company,"APOTEK SAHABAT",Padang,Z32,Apotek,BRG0007,P,"ERGOTAMINE COFFEINE",ZPJ1,"Produk jadi",206,BOTOL
TD,CAB04,IN6149_BRG0001,IN6149,CUST55590,2022-08-18,BRG0001,14,DUS,1169.91,IDR,BRND001,"OGB & PH",Company,"APOTEK TAPAK",Aceh,Z32,Apotek,BRG0001,P,"ACYCLOVIR DUS",ZPJ1,"Produk jadi",206,DUS
TD,CAB05,IN6150_BRG0002,IN6150,CUST55651,2022-10-18,BRG0002,5,DUS,2337.5,IDR,BRND002,ETIKAL,Company,"APOTEK MAJA",Kuningan,Z32,Apotek,BRG0002,P,"ALERGINE TABLET SALUT",ZPJ1,"Produk jadi",203,DUS
EPM,CAB03,IN6151_BRG0001,IN6151,CUST55720,2022-12-26,BRG0001,78,DUS,1169.91,IDR,BRND001,"OGB & PH",Company,"APOTEK MERDEKA",Bandung,Z32,Apotek,BRG0001,P,"ACYCLOVIR DUS",ZPJ1,"Produk jadi",206,DUS
TD,CAB01,IN6152_BRG0003,IN6152,CUST55512,2022-06-01,BRG0003,10,DUS,10690.6,IDR,BRND003,MARCKS,Company,"APOTEK SINAR JAYA",Bekasi,Z32,Apotek,BRG0003,P,AMPICILLIN,ZPJ1,"Produk jadi",210,BOTOL
TD,CAB01,IN6153_BRG0008,IN6153,CUST55597,2022-08-25,BRG0008,18,DUS,3991.9,IDR,BRND008,MARCKS,Company,"APOTEK TAPAK",Aceh,Z32,Apotek,BRG0008,P,"TETRACYCLINE KAPSUL 250 MG",ZPJ1,"Produk jadi",204,KAPSUL
TA,CAB10,IN6154_BRG0002,IN6154,CUST55641,2022-10-08,BRG0002,12,DUS,2337.5,IDR,BRND002,ETIKAL,Company,"APOTEK SAHABAT",Padang,Z32,Apotek,BRG0002,P,"ALERGINE TABLET SALUT",ZPJ1,"Produk jadi",203,DUS
TA,CAB02,IN6155_BRG0003,IN6155,CUST55382,2022-01-22,BRG0003,9,DUS,10690.6,IDR,BRND003,MARCKS,Company,"KLINIK GM",Jakarta,Z31,Klinik,BRG0003,P,AMPICILLIN,ZPJ1,"Produk jadi",210,BOTOL
TA,CAB07,IN6156_BRG0009,IN6156,CUST55608,2022-09-05,BRG0009,24,DUS,5780.7,IDR,BRND009,VNS,Company,"APOTEK MERDEKA",Bandung,Z32,Apotek,BRG0009,P,"AMBROXOL HC",ZPJ1,"Produk jadi",207,BOTOL
TD,CAB01,IN6157_BRG0004,IN6157,CUST55613,2022-09-10,BRG0004,67,DUS,8700.7,IDR,BRND004,VNS,Company,"APOTEK MAJA",Kuningan,Z32,Apotek,BRG0004,P,"TRAMADOL KAPSUL 50 MG",ZPJ1,"Produk jadi",201,KAPSUL
TA,CAB08,IN6158_BRG0010,IN6158,CUST55699,2022-12-05,BRG0010,14,DUS,6940.3,IDR,BRND010,SLCYL,Company,"KLINIK SAHABAT",Tangerang,Z31,Klinik,BRG0010,P,PARACETAMOL,ZPJ1,"Produk jadi",208,BOTOL
TA,CAB02,IN6159_BRG0010,IN6159,CUST55689,2022-11-25,BRG0010,67,DUS,6940.3,IDR,BRND010,SLCYL,Company,"KLINIK GM",Jakarta,Z31,Klinik,BRG0010,P,PARACETAMOL,ZPJ1,"Produk jadi",208,BOTOL
TA,CAB01,IN6160_BRG0003,IN6160,CUST55672,2022-11-08,BRG0003,5,DUS,10690.6,IDR,BRND003,MARCKS,Company,"APOTEK TAPAK",Aceh,Z32,Apotek,BRG0003,P,AMPICILLIN,ZPJ1,"Produk jadi",210,BOTOL
TA,CAB01,IN6161_BRG0001,IN6161,CUST55466,2022-04-16,BRG0001,24,DUS,4592.1,IDR,BRND007,ETIKAL,Company,"KLINIK SAHABAT",Tangerang,Z31,Klinik,BRG0001,P,"ACYCLOVIR DUS",ZPJ1,"Produk jadi",206,DUS
TA,CAB07,IN6162_BRG0004,IN6162,CUST55503,2022-05-23,BRG0004,12,DUS,8700.7,IDR,BRND004,VNS,Company,"APOTEK MERDEKA",Bandung,Z32,Apotek,BRG0004,P,"TRAMADOL KAPSUL 50 MG",ZPJ1,"Produk jadi",201,KAPSUL
TD,CAB01,IN6163_BRG0002,IN6163,CUST55421,2022-03-02,BRG0002,5,DUS,2337.5,IDR,BRND002,ETIKAL,Company,"KLINIK SAHABAT",Tangerang,Z31,Klinik,BRG0002,P,"ALERGINE TABLET SALUT",ZPJ1,"Produk jadi",203,DUS
EPM,CAB07,IN6164_BRG0009,IN6164,CUST55578,2022-08-06,BRG0009,1,DUS,5780.7,IDR,BRND009,VNS,Company,"APOTEK MERDEKA",Bandung,Z32,Apotek,BRG0009,P,"AMBROXOL HC",ZPJ1,"Produk jadi",207,BOTOL
TA,CAB01,IN6165_BRG0003,IN6165,CUST55722,2022-12-28,BRG0003,34,DUS,10690.6,IDR,BRND003,MARCKS,Company,"APOTEK SINAR JAYA",Bekasi,Z32,Apotek,BRG0003,P,AMPICILLIN,ZPJ1,"Produk jadi",210,BOTOL
TA,CAB03,IN6166_BRG0006,IN6166,CUST55675,2022-11-11,BRG0006,1,DUS,2819.2,IDR,BRND006,"OGB & PH",Company,"APOTEK MERDEKA",Bandung,Z32,Apotek,BRG0006,P,"KETOCONAZOLE TABLET 200 MG",ZPJ1,"Produk jadi",205,TABLET
EPM,CAB10,IN6167_BRG0002,IN6167,CUST55491,2022-05-11,BRG0002,12,DUS,2337.5,IDR,BRND002,ETIKAL,Company,"APOTEK SAHABAT",Padang,Z32,Apotek,BRG0002,P,"ALERGINE TABLET SALUT",ZPJ1,"Produk jadi",203,DUS
TD,CAB02,IN6168_BRG0005,IN6168,CUST55644,2022-10-11,BRG0005,24,DUS,5648.3,IDR,BRND005,SLCYL,Company,"KLINIK GM",Jakarta,Z31,Klinik,BRG0005,P,"KLORPROMAZINA TABLET SALUT SELAPUT 100 MG",ZPJ1,"Produk jadi",203,TABLET
TA,CAB04,IN6169_BRG0006,IN6169,CUST55665,2022-11-01,BRG0006,67,DUS,2819.2,IDR,BRND006,"OGB & PH",Company,"APOTEK TAPAK",Aceh,Z32,Apotek,BRG0006,P,"KETOCONAZOLE TABLET 200 MG",ZPJ1,"Produk jadi",205,TABLET
TD,CAB09,IN6170_BRG0006,IN6170,CUST55505,2022-05-25,BRG0006,14,DUS,2819.2,IDR,BRND006,"OGB & PH",Company,"APOTEK SINAR JAYA",Bekasi,Z32,Apotek,BRG0006,P,"KETOCONAZOLE TABLET 200 MG",ZPJ1,"Produk jadi",205,TABLET
EPM,CAB04,IN6171_BRG0006,IN6171,CUST55545,2022-07-04,BRG0006,25,DUS,2819.2,IDR,BRND006,"OGB & PH",Company,"APOTEK TAPAK",Aceh,Z32,Apotek,BRG0006,P,"KETOCONAZOLE TABLET 200 MG",ZPJ1,"Produk jadi",205,TABLET
EPM,CAB01,IN6172_BRG0002,IN6172,CUST55497,2022-05-17,BRG0002,12,DUS,3991.9,IDR,BRND008,MARCKS,Company,"APOTEK SINAR JAYA",Bekasi,Z32,Apotek,BRG0002,P,"ALERGINE TABLET SALUT",ZPJ1,"Produk jadi",203,DUS
EPM,CAB01,IN6173_BRG0001,IN6173,CUST55406,2022-02-15,BRG0001,12,DUS,4592.1,IDR,BRND007,ETIKAL,Company,"KLINIK SAHABAT",Tangerang,Z31,Klinik,BRG0001,P,"ACYCLOVIR DUS",ZPJ1,"Produk jadi",206,DUS
TA,CAB02,IN6174_BRG0003,IN6174,CUST55618,2022-09-15,BRG0003,9,DUS,5780.7,IDR,BRND009,VNS,Company,"APOTEK SAHABAT",Padang,Z32,Apotek,BRG0003,P,AMPICILLIN,ZPJ1,"Produk jadi",210,BOTOL
TD,CAB02,IN6175_BRG0005,IN6175,CUST55404,2022-02-13,BRG0005,18,DUS,5648.3,IDR,BRND005,SLCYL,Company,"KLINIK GM",Jakarta,Z31,Klinik,BRG0005,P,"KLORPROMAZINA TABLET SALUT SELAPUT 100 MG",ZPJ1,"Produk jadi",203,TABLET
EPM,CAB01,IN6176_BRG0004,IN6176,CUST55403,2022-02-12,BRG0004,18,DUS,8700.7,IDR,BRND004,VNS,Company,"APOTEK MAJA",Kuningan,Z32,Apotek,BRG0004,P,"TRAMADOL KAPSUL 50 MG",ZPJ1,"Produk jadi",201,KAPSUL
EPM,CAB03,IN6177_BRG0006,IN6177,CUST55585,2022-08-13,BRG0006,17,DUS,2819.2,IDR,BRND006,"OGB & PH",Company,"APOTEK MERDEKA",Bandung,Z32,Apotek,BRG0006,P,"KETOCONAZOLE TABLET 200 MG",ZPJ1,"Produk jadi",205,TABLET
TA,CAB04,IN6178_BRG0006,IN6178,CUST55695,2022-12-01,BRG0006,18,DUS,2819.2,IDR,BRND006,"OGB & PH",Company,"APOTEK TAPAK",Aceh,Z32,Apotek,BRG0006,P,"KETOCONAZOLE TABLET 200 MG",ZPJ1,"Produk jadi",205,TABLET
EPM,CAB08,IN6179_BRG0010,IN6179,CUST55669,2022-11-05,BRG0010,8,DUS,6940.3,IDR,BRND010,SLCYL,Company,"KLINIK SAHABAT",Tangerang,Z31,Klinik,BRG0010,P,PARACETAMOL,ZPJ1,"Produk jadi",208,BOTOL
TA,CAB02,IN6180_BRG0005,IN6180,CUST55614,2022-09-11,BRG0005,98,DUS,5648.3,IDR,BRND005,SLCYL,Company,"KLINIK GM",Jakarta,Z31,Klinik,BRG0005,P,"KLORPROMAZINA TABLET SALUT SELAPUT 100 MG",ZPJ1,"Produk jadi",203,TABLET
TD,CAB08,IN6181_BRG0010,IN6181,CUST55549,2022-07-08,BRG0010,130,DUS,6940.3,IDR,BRND010,SLCYL,Company,"KLINIK SAHABAT",Tangerang,Z31,Klinik,BRG0010,P,PARACETAMOL,ZPJ1,"Produk jadi",208,BOTOL
TA,CAB06,IN6182_BRG0008,IN6182,CUST55577,2022-08-05,BRG0008,13,DUS,3991.9,IDR,BRND008,MARCKS,Company,"KLINIK GM",Jakarta,Z31,Klinik,BRG0008,P,"TETRACYCLINE KAPSUL 250 MG",ZPJ1,"Produk jadi",204,KAPSUL
TD,CAB02,IN6183_BRG0003,IN6183,CUST55498,2022-05-18,BRG0003,25,DUS,5780.7,IDR,BRND009,VNS,Company,"APOTEK SAHABAT",Padang,Z32,Apotek,BRG0003,P,AMPICILLIN,ZPJ1,"Produk jadi",210,BOTOL
TA,CAB04,IN6184_BRG0006,IN6184,CUST55395,2022-02-04,BRG0006,25,DUS,2819.2,IDR,BRND006,"OGB & PH",Company,"APOTEK TAPAK",Aceh,Z32,Apotek,BRG0006,P,"KETOCONAZOLE TABLET 200 MG",ZPJ1,"Produk jadi",205,TABLET
TA,CAB02,IN6185_BRG0004,IN6185,CUST55483,2022-05-03,BRG0004,9,DUS,8700.7,IDR,BRND004,VNS,Company,"APOTEK SAHABAT",Padang,Z32,Apotek,BRG0004,P,"TRAMADOL KAPSUL 50 MG",ZPJ1,"Produk jadi",201,KAPSUL
TA,CAB04,IN6186_BRG0001,IN6186,CUST55500,2022-05-20,BRG0001,18,DUS,1169.91,IDR,BRND001,"OGB & PH",Company,"APOTEK TAPAK",Aceh,Z32,Apotek,BRG0001,P,"ACYCLOVIR DUS",ZPJ1,"Produk jadi",206,DUS
TD,CAB05,IN6187_BRG0007,IN6187,CUST55606,2022-09-03,BRG0007,25,DUS,4592.1,IDR,BRND007,ETIKAL,Company,"APOTEK MAJA",Kuningan,Z32,Apotek,BRG0007,P,"ERGOTAMINE COFFEINE",ZPJ1,"Produk jadi",206,BOTOL
TD,CAB03,IN6188_BRG0005,IN6188,CUST55454,2022-04-04,BRG0005,10,DUS,5648.3,IDR,BRND005,SLCYL,Company,"KLINIK DR. ANDRI",Lampung,Z31,Klinik,BRG0005,P,"KLORPROMAZINA TABLET SALUT SELAPUT 100 MG",ZPJ1,"Produk jadi",203,TABLET
TA,CAB03,IN6189_BRG0005,IN6189,CUST55574,2022-08-02,BRG0005,1,DUS,5648.3,IDR,BRND005,SLCYL,Company,"KLINIK DR. ANDRI",Lampung,Z31,Klinik,BRG0005,P,"KLORPROMAZINA TABLET SALUT SELAPUT 100 MG",ZPJ1,"Produk jadi",203,TABLET
TD,CAB10,IN6190_BRG0001,IN6190,CUST55390,2022-01-30,BRG0001,2,DUS,1169.91,IDR,BRND001,"OGB & PH",Company,"APOTEK MERDEKA",Bandung,Z32,Apotek,BRG0001,P,"ACYCLOVIR DUS",ZPJ1,"Produk jadi",206,DUS
TA,CAB01,IN6191_BRG0003,IN6191,CUST55422,2022-03-03,BRG0003,4,DUS,10690.6,IDR,BRND003,MARCKS,Company,"APOTEK SINAR JAYA",Bekasi,Z32,Apotek,BRG0003,P,AMPICILLIN,ZPJ1,"Produk jadi",210,BOTOL
TA,CAB03,IN6192_BRG0006,IN6192,CUST55645,2022-10-12,BRG0006,10,DUS,2819.2,IDR,BRND006,"OGB & PH",Company,"APOTEK MERDEKA",Bandung,Z32,Apotek,BRG0006,P,"KETOCONAZOLE TABLET 200 MG",ZPJ1,"Produk jadi",205,TABLET
EPM,CAB02,IN6193_BRG0003,IN6193,CUST55588,2022-08-16,BRG0003,12,DUS,5780.7,IDR,BRND009,VNS,Company,"APOTEK SAHABAT",Padang,Z32,Apotek,BRG0003,P,AMPICILLIN,ZPJ1,"Produk jadi",210,BOTOL
TA,CAB01,IN6194_BRG0009,IN6194,CUST55658,2022-10-25,BRG0009,25,DUS,5780.7,IDR,BRND009,VNS,Company,"APOTEK MAJA",Kuningan,Z32,Apotek,BRG0009,P,"AMBROXOL HC",ZPJ1,"Produk jadi",207,BOTOL
TA,CAB07,IN6195_BRG0009,IN6195,CUST55398,2022-02-07,BRG0009,67,DUS,5780.7,IDR,BRND009,VNS,Company,"APOTEK MERDEKA",Bandung,Z32,Apotek,BRG0009,P,"AMBROXOL HC",ZPJ1,"Produk jadi",207,BOTOL
TA,CAB04,IN6196_BRG0001,IN6196,CUST55530,2022-06-19,BRG0001,45,DUS,1169.91,IDR,BRND001,"OGB & PH",Company,"APOTEK TAPAK",Aceh,Z32,Apotek,BRG0001,P,"ACYCLOVIR DUS",ZPJ1,"Produk jadi",206,DUS
TD,CAB03,IN6197_BRG0001,IN6197,CUST55630,2022-09-27,BRG0001,34,DUS,1169.91,IDR,BRND001,"OGB & PH",Company,"APOTEK MERDEKA",Bandung,Z32,Apotek,BRG0001,P,"ACYCLOVIR DUS",ZPJ1,"Produk jadi",206,DUS
EPM,CAB04,IN6198_BRG0001,IN6198,CUST55680,2022-11-16,BRG0001,4,DUS,1169.91,IDR,BRND001,"OGB & PH",Company,"APOTEK TAPAK",Aceh,Z32,Apotek,BRG0001,P,"ACYCLOVIR DUS",ZPJ1,"Produk jadi",206,DUS
TD,CAB02,IN6199_BRG0010,IN6199,CUST55509,2022-05-29,BRG0010,25,DUS,6940.3,IDR,BRND010,SLCYL,Company,"KLINIK GM",Jakarta,Z31,Klinik,BRG0010,P,PARACETAMOL,ZPJ1,"Produk jadi",208,BOTOL
TA,CAB07,IN6200_BRG0004,IN6200,CUST55473,2022-04-23,BRG0004,5,DUS,8700.7,IDR,BRND004,VNS,Company,"APOTEK MERDEKA",Bandung,Z32,Apotek,BRG0004,P,"TRAMADOL KAPSUL 50 MG",ZPJ1,"Produk jadi",201,KAPSUL
TA,CAB07,IN6201_BRG0009,IN6201,CUST55668,2022-11-04,BRG0009,4,DUS,5780.7,IDR,BRND009,VNS,Company,"APOTEK MERDEKA",Bandung,Z32,Apotek,BRG0009,P,"AMBROXOL HC",ZPJ1,"Produk jadi",207,BOTOL
EPM,CAB02,IN6202_BRG0003,IN6202,CUST55528,2022-06-17,BRG0003,34,DUS,5780.7,IDR,BRND009,VNS,Company,"APOTEK SAHABAT",Padang,Z32,Apotek,BRG0003,P,AMPICILLIN,ZPJ1,"Produk jadi",210,BOTOL
EPM,CAB02,IN6203_BRG0005,IN6203,CUST55524,2022-06-13,BRG0005,100,DUS,5648.3,IDR,BRND005,SLCYL,Company,"KLINIK GM",Jakarta,Z31,Klinik,BRG0005,P,"KLORPROMAZINA TABLET SALUT SELAPUT 100 MG",ZPJ1,"Produk jadi",203,TABLET
EPM,CAB06,IN6204_BRG0008,IN6204,CUST55727,2023-01-02,BRG0008,34,DUS,3991.9,IDR,BRND008,MARCKS,Company,"KLINIK GM",Jakarta,Z31,Klinik,BRG0008,P,"TETRACYCLINE KAPSUL 250 MG",ZPJ1,"Produk jadi",204,KAPSUL
TA,CAB09,IN6205_BRG0001,IN6205,CUST55520,2022-06-09,BRG0001,8,DUS,1169.91,IDR,BRND001,"OGB & PH",Company,"APOTEK SINAR JAYA",Bekasi,Z32,Apotek,BRG0001,P,"ACYCLOVIR DUS",ZPJ1,"Produk jadi",206,DUS
EPM,CAB01,IN6206_BRG0003,IN6206,CUST55582,2022-08-10,BRG0003,23,DUS,10690.6,IDR,BRND003,MARCKS,Company,"APOTEK TAPAK",Aceh,Z32,Apotek,BRG0003,P,AMPICILLIN,ZPJ1,"Produk jadi",210,BOTOL
EPM,CAB04,IN6207_BRG0006,IN6207,CUST55605,2022-09-02,BRG0006,12,DUS,2819.2,IDR,BRND006,"OGB & PH",Company,"APOTEK TAPAK",Aceh,Z32,Apotek,BRG0006,P,"KETOCONAZOLE TABLET 200 MG",ZPJ1,"Produk jadi",205,TABLET
TD,CAB09,IN6208_BRG0006,IN6208,CUST55475,2022-04-25,BRG0006,8,DUS,2819.2,IDR,BRND006,"OGB & PH",Company,"APOTEK SINAR JAYA",Bekasi,Z32,Apotek,BRG0006,P,"KETOCONAZOLE TABLET 200 MG",ZPJ1,"Produk jadi",205,TABLET
TD,CAB01,IN6209_BRG0001,IN6209,CUST55586,2022-08-14,BRG0001,11,DUS,4592.1,IDR,BRND007,ETIKAL,Company,"KLINIK SAHABAT",Tangerang,Z31,Klinik,BRG0001,P,"ACYCLOVIR DUS",ZPJ1,"Produk jadi",206,DUS
TA,CAB05,IN6210_BRG0007,IN6210,CUST55486,2022-05-06,BRG0007,4,DUS,4592.1,IDR,BRND007,ETIKAL,Company,"APOTEK MAJA",Kuningan,Z32,Apotek,BRG0007,P,"ERGOTAMINE COFFEINE",ZPJ1,"Produk jadi",206,BOTOL
EPM,CAB05,IN6211_BRG0002,IN6211,CUST55501,2022-05-21,BRG0002,18,DUS,2337.5,IDR,BRND002,ETIKAL,Company,"APOTEK MAJA",Kuningan,Z32,Apotek,BRG0002,P,"ALERGINE TABLET SALUT",ZPJ1,"Produk jadi",203,DUS
TD,CAB05,IN6212_BRG0002,IN6212,CUST55681,2022-11-17,BRG0002,2,DUS,2337.5,IDR,BRND002,ETIKAL,Company,"APOTEK MAJA",Kuningan,Z32,Apotek,BRG0002,P,"ALERGINE TABLET SALUT",ZPJ1,"Produk jadi",203,DUS
TD,CAB10,IN6213_BRG0002,IN6213,CUST55701,2022-12-07,BRG0002,22,DUS,2337.5,IDR,BRND002,ETIKAL,Company,"APOTEK SAHABAT",Padang,Z32,Apotek,BRG0002,P,"ALERGINE TABLET SALUT",ZPJ1,"Produk jadi",203,DUS
TD,CAB10,IN6214_BRG0002,IN6214,CUST55461,2022-04-11,BRG0002,21,DUS,2337.5,IDR,BRND002,ETIKAL,Company,"APOTEK SAHABAT",Padang,Z32,Apotek,BRG0002,P,"ALERGINE TABLET SALUT",ZPJ1,"Produk jadi",203,DUS
TA,CAB03,IN6215_BRG0001,IN6215,CUST55510,2022-05-30,BRG0001,14,DUS,1169.91,IDR,BRND001,"OGB & PH",Company,"APOTEK MERDEKA",Bandung,Z32,Apotek,BRG0001,P,"ACYCLOVIR DUS",ZPJ1,"Produk jadi",206,DUS
TA,CAB05,IN6216_BRG0007,IN6216,CUST55456,2022-04-06,BRG0007,98,DUS,4592.1,IDR,BRND007,ETIKAL,Company,"APOTEK MAJA",Kuningan,Z32,Apotek,BRG0007,P,"ERGOTAMINE COFFEINE",ZPJ1,"Produk jadi",206,BOTOL
TD,CAB02,IN6217_BRG0003,IN6217,CUST55438,2022-03-19,BRG0003,5,DUS,5780.7,IDR,BRND009,VNS,Company,"APOTEK SAHABAT",Padang,Z32,Apotek,BRG0003,P,AMPICILLIN,ZPJ1,"Produk jadi",210,BOTOL
EPM,CAB08,IN6218_BRG0010,IN6218,CUST55639,2022-10-06,BRG0010,21,DUS,6940.3,IDR,BRND010,SLCYL,Company,"KLINIK SAHABAT",Tangerang,Z31,Klinik,BRG0010,P,PARACETAMOL,ZPJ1,"Produk jadi",208,BOTOL
TA,CAB01,IN6219_BRG0001,IN6219,CUST55436,2022-03-17,BRG0001,34,DUS,4592.1,IDR,BRND007,ETIKAL,Company,"KLINIK SAHABAT",Tangerang,Z31,Klinik,BRG0001,P,"ACYCLOVIR DUS",ZPJ1,"Produk jadi",206,DUS
TD,CAB08,IN6220_BRG0005,IN6220,CUST55444,2022-03-25,BRG0005,48,DUS,5648.3,IDR,BRND005,SLCYL,Company,"KLINIK SAHABAT",Tangerang,Z31,Klinik,BRG0005,P,"KLORPROMAZINA TABLET SALUT SELAPUT 100 MG",ZPJ1,"Produk jadi",203,TABLET
EPM,CAB08,IN6221_BRG0005,IN6221,CUST55504,2022-05-24,BRG0005,25,DUS,5648.3,IDR,BRND005,SLCYL,Company,"KLINIK SAHABAT",Tangerang,Z31,Klinik,BRG0005,P,"KLORPROMAZINA TABLET SALUT SELAPUT 100 MG",ZPJ1,"Produk jadi",203,TABLET
TD,CAB02,IN6222_BRG0003,IN6222,CUST55678,2022-11-14,BRG0003,1,DUS,5780.7,IDR,BRND009,VNS,Company,"APOTEK SAHABAT",Padang,Z32,Apotek,BRG0003,P,AMPICILLIN,ZPJ1,"Produk jadi",210,BOTOL
TD,CAB02,IN6223_BRG0004,IN6223,CUST55633,2022-09-30,BRG0004,6,DUS,8700.7,IDR,BRND004,VNS,Company,"APOTEK SAHABAT",Padang,Z32,Apotek,BRG0004,P,"TRAMADOL KAPSUL 50 MG",ZPJ1,"Produk jadi",201,KAPSUL
TD,CAB03,IN6224_BRG0004,IN6224,CUST55559,2022-07-18,BRG0004,22,DUS,6940.3,IDR,BRND010,SLCYL,Company,"KLINIK DR. ANDRI",Lampung,Z31,Klinik,BRG0004,P,"TRAMADOL KAPSUL 50 MG",ZPJ1,"Produk jadi",201,KAPSUL
TA,CAB01,IN6225_BRG0002,IN6225,CUST55631,2022-09-28,BRG0002,44,DUS,2337.5,IDR,BRND002,ETIKAL,Company,"KLINIK SAHABAT",Tangerang,Z31,Klinik,BRG0002,P,"ALERGINE TABLET SALUT",ZPJ1,"Produk jadi",203,DUS
EPM,CAB10,IN6226_BRG0007,IN6226,CUST55416,2022-02-25,BRG0007,23,DUS,4592.1,IDR,BRND007,ETIKAL,Company,"APOTEK SAHABAT",Padang,Z32,Apotek,BRG0007,P,"ERGOTAMINE COFFEINE",ZPJ1,"Produk jadi",206,BOTOL
TA,CAB10,IN6227_BRG0002,IN6227,CUST55611,2022-09-08,BRG0002,12,DUS,2337.5,IDR,BRND002,ETIKAL,Company,"APOTEK SAHABAT",Padang,Z32,Apotek,BRG0002,P,"ALERGINE TABLET SALUT",ZPJ1,"Produk jadi",203,DUS
TD,CAB01,IN6228_BRG0009,IN6228,CUST55508,2022-05-28,BRG0009,12,DUS,5780.7,IDR,BRND009,VNS,Company,"APOTEK MAJA",Kuningan,Z32,Apotek,BRG0009,P,"AMBROXOL HC",ZPJ1,"Produk jadi",207,BOTOL
EPM,CAB04,IN6229_BRG0006,IN6229,CUST55575,2022-08-03,BRG0006,5,DUS,2819.2,IDR,BRND006,"OGB & PH",Company,"APOTEK TAPAK",Aceh,Z32,Apotek,BRG0006,P,"KETOCONAZOLE TABLET 200 MG",ZPJ1,"Produk jadi",205,TABLET
EPM,CAB07,IN6230_BRG0004,IN6230,CUST55413,2022-02-22,BRG0004,14,DUS,8700.7,IDR,BRND004,VNS,Company,"APOTEK MERDEKA",Bandung,Z32,Apotek,BRG0004,P,"TRAMADOL KAPSUL 50 MG",ZPJ1,"Produk jadi",201,KAPSUL
TD,CAB07,IN6231_BRG0004,IN6231,CUST55563,2022-07-22,BRG0004,24,DUS,8700.7,IDR,BRND004,VNS,Company,"APOTEK MERDEKA",Bandung,Z32,Apotek,BRG0004,P,"TRAMADOL KAPSUL 50 MG",ZPJ1,"Produk jadi",201,KAPSUL
EPM,CAB08,IN6232_BRG0010,IN6232,CUST55609,2022-09-06,BRG0010,10,DUS,6940.3,IDR,BRND010,SLCYL,Company,"KLINIK SAHABAT",Tangerang,Z31,Klinik,BRG0010,P,PARACETAMOL,ZPJ1,"Produk jadi",208,BOTOL
EPM,CAB03,IN6233_BRG0001,IN6233,CUST55450,2022-03-31,BRG0001,24,DUS,1169.91,IDR,BRND001,"OGB & PH",Company,"APOTEK MERDEKA",Bandung,Z32,Apotek,BRG0001,P,"ACYCLOVIR DUS",ZPJ1,"Produk jadi",206,DUS
TD,CAB01,IN6234_BRG0003,IN6234,CUST55552,2022-07-11,BRG0003,67,DUS,10690.6,IDR,BRND003,MARCKS,Company,"APOTEK TAPAK",Aceh,Z32,Apotek,BRG0003,P,AMPICILLIN,ZPJ1,"Produk jadi",210,BOTOL
TD,CAB01,IN6235_BRG0002,IN6235,CUST55451,2022-04-01,BRG0002,10,DUS,2337.5,IDR,BRND002,ETIKAL,Company,"KLINIK SAHABAT",Tangerang,Z31,Klinik,BRG0002,P,"ALERGINE TABLET SALUT",ZPJ1,"Produk jadi",203,DUS
TD,CAB08,IN6236_BRG0005,IN6236,CUST55684,2022-11-20,BRG0005,12,DUS,5648.3,IDR,BRND005,SLCYL,Company,"KLINIK SAHABAT",Tangerang,Z31,Klinik,BRG0005,P,"KLORPROMAZINA TABLET SALUT SELAPUT 100 MG",ZPJ1,"Produk jadi",203,TABLET
EPM,CAB03,IN6237_BRG0004,IN6237,CUST55619,2022-09-16,BRG0004,10,DUS,6940.3,IDR,BRND010,SLCYL,Company,"KLINIK DR. ANDRI",Lampung,Z31,Klinik,BRG0004,P,"TRAMADOL KAPSUL 50 MG",ZPJ1,"Produk jadi",201,KAPSUL
EPM,CAB09,IN6238_BRG0001,IN6238,CUST55460,2022-04-10,BRG0001,9,DUS,1169.91,IDR,BRND001,"OGB & PH",Company,"APOTEK SINAR JAYA",Bekasi,Z32,Apotek,BRG0001,P,"ACYCLOVIR DUS",ZPJ1,"Produk jadi",206,DUS
EPM,CAB01,IN6239_BRG0003,IN6239,CUST55572,2022-07-31,BRG0003,8,DUS,10690.6,IDR,BRND003,MARCKS,Company,"APOTEK SINAR JAYA",Bekasi,Z32,Apotek,BRG0003,P,AMPICILLIN,ZPJ1,"Produk jadi",210,BOTOL
EPM,CAB01,IN6240_BRG0002,IN6240,CUST55541,2022-06-30,BRG0002,48,DUS,2337.5,IDR,BRND002,ETIKAL,Company,"KLINIK SAHABAT",Tangerang,Z31,Klinik,BRG0002,P,"ALERGINE TABLET SALUT",ZPJ1,"Produk jadi",203,DUS
EPM,CAB04,IN6241_BRG0001,IN6241,CUST55440,2022-03-21,BRG0001,79,DUS,1169.91,IDR,BRND001,"OGB & PH",Company,"APOTEK TAPAK",Aceh,Z32,Apotek,BRG0001,P,"ACYCLOVIR DUS",ZPJ1,"Produk jadi",206,DUS
EPM,CAB08,IN6242_BRG0005,IN6242,CUST55534,2022-06-23,BRG0005,44,DUS,5648.3,IDR,BRND005,SLCYL,Company,"KLINIK SAHABAT",Tangerang,Z31,Klinik,BRG0005,P,"KLORPROMAZINA TABLET SALUT SELAPUT 100 MG",ZPJ1,"Produk jadi",203,TABLET
TD,CAB03,IN6243_BRG0006,IN6243,CUST55525,2022-06-14,BRG0006,67,DUS,2819.2,IDR,BRND006,"OGB & PH",Company,"APOTEK MERDEKA",Bandung,Z32,Apotek,BRG0006,P,"KETOCONAZOLE TABLET 200 MG",ZPJ1,"Produk jadi",205,TABLET
TD,CAB01,IN6244_BRG0003,IN6244,CUST55542,2022-07-01,BRG0003,21,DUS,10690.6,IDR,BRND003,MARCKS,Company,"APOTEK SINAR JAYA",Bekasi,Z32,Apotek,BRG0003,P,AMPICILLIN,ZPJ1,"Produk jadi",210,BOTOL
TD,CAB06,IN6245_BRG0008,IN6245,CUST55397,2022-02-06,BRG0008,34,DUS,3991.9,IDR,BRND008,MARCKS,Company,"KLINIK GM",Jakarta,Z31,Klinik,BRG0008,P,"TETRACYCLINE KAPSUL 250 MG",ZPJ1,"Produk jadi",204,KAPSUL
TA,CAB07,IN6246_BRG0004,IN6246,CUST55533,2022-06-22,BRG0004,34,DUS,8700.7,IDR,BRND004,VNS,Company,"APOTEK MERDEKA",Bandung,Z32,Apotek,BRG0004,P,"TRAMADOL KAPSUL 50 MG",ZPJ1,"Produk jadi",201,KAPSUL
TA,CAB04,IN6247_BRG0006,IN6247,CUST55425,2022-03-06,BRG0006,10,DUS,2819.2,IDR,BRND006,"OGB & PH",Company,"APOTEK TAPAK",Aceh,Z32,Apotek,BRG0006,P,"KETOCONAZOLE TABLET 200 MG",ZPJ1,"Produk jadi",205,TABLET
TD,CAB06,IN6248_BRG0008,IN6248,CUST55427,2022-03-08,BRG0008,100,DUS,3991.9,IDR,BRND008,MARCKS,Company,"KLINIK GM",Jakarta,Z31,Klinik,BRG0008,P,"TETRACYCLINE KAPSUL 250 MG",ZPJ1,"Produk jadi",204,KAPSUL
EPM,CAB01,IN6249_BRG0004,IN6249,CUST55703,2022-12-09,BRG0004,25,DUS,8700.7,IDR,BRND004,VNS,Company,"APOTEK MAJA",Kuningan,Z32,Apotek,BRG0004,P,"TRAMADOL KAPSUL 50 MG",ZPJ1,"Produk jadi",201,KAPSUL
TA,CAB01,IN6250_BRG0002,IN6250,CUST55587,2022-08-15,BRG0002,12,DUS,3991.9,IDR,BRND008,MARCKS,Company,"APOTEK SINAR JAYA",Bekasi,Z32,Apotek,BRG0002,P,"ALERGINE TABLET SALUT",ZPJ1,"Produk jadi",203,DUS
TD,CAB07,IN6251_BRG0008,IN6251,CUST55387,2022-01-27,BRG0008,1,DUS,3991.9,IDR,BRND008,MARCKS,Company,"APOTEK TAPAK",Aceh,Z32,Apotek,BRG0008,P,"TETRACYCLINE KAPSUL 250 MG",ZPJ1,"Produk jadi",204,KAPSUL
EPM,CAB03,IN6252_BRG0004,IN6252,CUST55649,2022-10-16,BRG0004,67,DUS,6940.3,IDR,BRND010,SLCYL,Company,"KLINIK DR. ANDRI",Lampung,Z31,Klinik,BRG0004,P,"TRAMADOL KAPSUL 50 MG",ZPJ1,"Produk jadi",201,KAPSUL
TD,CAB10,IN6253_BRG0002,IN6253,CUST55431,2022-03-12,BRG0002,34,DUS,2337.5,IDR,BRND002,ETIKAL,Company,"APOTEK SAHABAT",Padang,Z32,Apotek,BRG0002,P,"ALERGINE TABLET SALUT",ZPJ1,"Produk jadi",203,DUS
TA,CAB03,IN6254_BRG0005,IN6254,CUST55544,2022-07-03,BRG0005,12,DUS,5648.3,IDR,BRND005,SLCYL,Company,"KLINIK DR. ANDRI",Lampung,Z31,Klinik,BRG0005,P,"KLORPROMAZINA TABLET SALUT SELAPUT 100 MG",ZPJ1,"Produk jadi",203,TABLET
TA,CAB10,IN6255_BRG0007,IN6255,CUST55446,2022-03-27,BRG0007,22,DUS,4592.1,IDR,BRND007,ETIKAL,Company,"APOTEK SAHABAT",Padang,Z32,Apotek,BRG0007,P,"ERGOTAMINE COFFEINE",ZPJ1,"Produk jadi",206,BOTOL
TA,CAB01,IN6256_BRG0004,IN6256,CUST55463,2022-04-13,BRG0004,12,DUS,8700.7,IDR,BRND004,VNS,Company,"APOTEK MAJA",Kuningan,Z32,Apotek,BRG0004,P,"TRAMADOL KAPSUL 50 MG",ZPJ1,"Produk jadi",201,KAPSUL
EPM,CAB03,IN6257_BRG0006,IN6257,CUST55615,2022-09-12,BRG0006,5,DUS,2819.2,IDR,BRND006,"OGB & PH",Company,"APOTEK MERDEKA",Bandung,Z32,Apotek,BRG0006,P,"KETOCONAZOLE TABLET 200 MG",ZPJ1,"Produk jadi",205,TABLET
EPM,CAB03,IN6258_BRG0005,IN6258,CUST55484,2022-05-04,BRG0005,1,DUS,5648.3,IDR,BRND005,SLCYL,Company,"KLINIK DR. ANDRI",Lampung,Z31,Klinik,BRG0005,P,"KLORPROMAZINA TABLET SALUT SELAPUT 100 MG",ZPJ1,"Produk jadi",203,TABLET
TA,CAB03,IN6259_BRG0006,IN6259,CUST55405,2022-02-14,BRG0006,19,DUS,2819.2,IDR,BRND006,"OGB & PH",Company,"APOTEK MERDEKA",Bandung,Z32,Apotek,BRG0006,P,"KETOCONAZOLE TABLET 200 MG",ZPJ1,"Produk jadi",205,TABLET
TA,CAB08,IN6260_BRG0005,IN6260,CUST55564,2022-07-23,BRG0005,10,DUS,5648.3,IDR,BRND005,SLCYL,Company,"KLINIK SAHABAT",Tangerang,Z31,Klinik,BRG0005,P,"KLORPROMAZINA TABLET SALUT SELAPUT 100 MG",ZPJ1,"Produk jadi",203,TABLET
TA,CAB06,IN6261_BRG0008,IN6261,CUST55547,2022-07-06,BRG0008,24,DUS,3991.9,IDR,BRND008,MARCKS,Company,"KLINIK GM",Jakarta,Z31,Klinik,BRG0008,P,"TETRACYCLINE KAPSUL 250 MG",ZPJ1,"Produk jadi",204,KAPSUL
TA,CAB02,IN6262_BRG0010,IN6262,CUST55419,2022-02-28,BRG0010,67,DUS,6940.3,IDR,BRND010,SLCYL,Company,"KLINIK GM",Jakarta,Z31,Klinik,BRG0010,P,PARACETAMOL,ZPJ1,"Produk jadi",208,BOTOL
TA,CAB01,IN6263_BRG0003,IN6263,CUST55452,2022-04-02,BRG0003,130,DUS,10690.6,IDR,BRND003,MARCKS,Company,"APOTEK SINAR JAYA",Bekasi,Z32,Apotek,BRG0003,P,AMPICILLIN,ZPJ1,"Produk jadi",210,BOTOL
EPM,CAB03,IN6264_BRG0001,IN6264,CUST55690,2022-11-26,BRG0001,15,DUS,1169.91,IDR,BRND001,"OGB & PH",Company,"APOTEK MERDEKA",Bandung,Z32,Apotek,BRG0001,P,"ACYCLOVIR DUS",ZPJ1,"Produk jadi",206,DUS
TD,CAB07,IN6265_BRG0009,IN6265,CUST55698,2022-12-04,BRG0009,25,DUS,5780.7,IDR,BRND009,VNS,Company,"APOTEK MERDEKA",Bandung,Z32,Apotek,BRG0009,P,"AMBROXOL HC",ZPJ1,"Produk jadi",207,BOTOL
EPM,CAB05,IN6266_BRG0002,IN6266,CUST55531,2022-06-20,BRG0002,34,DUS,2337.5,IDR,BRND002,ETIKAL,Company,"APOTEK MAJA",Kuningan,Z32,Apotek,BRG0002,P,"ALERGINE TABLET SALUT",ZPJ1,"Produk jadi",203,DUS
TA,CAB08,IN6267_BRG0010,IN6267,CUST55459,2022-04-09,BRG0010,8,DUS,6940.3,IDR,BRND010,SLCYL,Company,"KLINIK SAHABAT",Tangerang,Z31,Klinik,BRG0010,P,PARACETAMOL,ZPJ1,"Produk jadi",208,BOTOL
TA,CAB01,IN6268_BRG0003,IN6268,CUST55692,2022-11-28,BRG0003,25,DUS,10690.6,IDR,BRND003,MARCKS,Company,"APOTEK SINAR JAYA",Bekasi,Z32,Apotek,BRG0003,P,AMPICILLIN,ZPJ1,"Produk jadi",210,BOTOL
EPM,CAB02,IN6269_BRG0004,IN6269,CUST55453,2022-04-03,BRG0004,12,DUS,8700.7,IDR,BRND004,VNS,Company,"APOTEK SAHABAT",Padang,Z32,Apotek,BRG0004,P,"TRAMADOL KAPSUL 50 MG",ZPJ1,"Produk jadi",201,KAPSUL
EPM,CAB05,IN6270_BRG0007,IN6270,CUST55696,2022-12-02,BRG0007,19,DUS,4592.1,IDR,BRND007,ETIKAL,Company,"APOTEK MAJA",Kuningan,Z32,Apotek,BRG0007,P,"ERGOTAMINE COFFEINE",ZPJ1,"Produk jadi",206,BOTOL
TA,CAB03,IN6271_BRG0005,IN6271,CUST55604,2022-09-01,BRG0005,22,DUS,5648.3,IDR,BRND005,SLCYL,Company,"KLINIK DR. ANDRI",Lampung,Z31,Klinik,BRG0005,P,"KLORPROMAZINA TABLET SALUT SELAPUT 100 MG",ZPJ1,"Produk jadi",203,TABLET
TD,CAB04,IN6272_BRG0001,IN6272,CUST55650,2022-10-17,BRG0001,98,DUS,1169.91,IDR,BRND001,"OGB & PH",Company,"APOTEK TAPAK",Aceh,Z32,Apotek,BRG0001,P,"ACYCLOVIR DUS",ZPJ1,"Produk jadi",206,DUS
TD,CAB03,IN6273_BRG0005,IN6273,CUST55634,2022-10-01,BRG0005,79,DUS,5648.3,IDR,BRND005,SLCYL,Company,"KLINIK DR. ANDRI",Lampung,Z31,Klinik,BRG0005,P,"KLORPROMAZINA TABLET SALUT SELAPUT 100 MG",ZPJ1,"Produk jadi",203,TABLET
EPM,CAB02,IN6274_BRG0004,IN6274,CUST55423,2022-03-04,BRG0004,8,DUS,8700.7,IDR,BRND004,VNS,Company,"APOTEK SAHABAT",Padang,Z32,Apotek,BRG0004,P,"TRAMADOL KAPSUL 50 MG",ZPJ1,"Produk jadi",201,KAPSUL
EPM,CAB01,IN6275_BRG0009,IN6275,CUST55568,2022-07-27,BRG0009,67,DUS,5780.7,IDR,BRND009,VNS,Company,"APOTEK MAJA",Kuningan,Z32,Apotek,BRG0009,P,"AMBROXOL HC",ZPJ1,"Produk jadi",207,BOTOL
TD,CAB01,IN6276_BRG0002,IN6276,CUST55481,2022-05-01,BRG0002,1,DUS,2337.5,IDR,BRND002,ETIKAL,Company,"KLINIK SAHABAT",Tangerang,Z31,Klinik,BRG0002,P,"ALERGINE TABLET SALUT",ZPJ1,"Produk jadi",203,DUS
EPM,CAB02,IN6277_BRG0010,IN6277,CUST55629,2022-09-26,BRG0010,34,DUS,6940.3,IDR,BRND010,SLCYL,Company,"KLINIK GM",Jakarta,Z31,Klinik,BRG0010,P,PARACETAMOL,ZPJ1,"Produk jadi",208,BOTOL
TD,CAB03,IN6278_BRG0004,IN6278,CUST55499,2022-05-19,BRG0004,14,DUS,6940.3,IDR,BRND010,SLCYL,Company,"KLINIK DR. ANDRI",Lampung,Z31,Klinik,BRG0004,P,"TRAMADOL KAPSUL 50 MG",ZPJ1,"Produk jadi",201,KAPSUL
TD,CAB03,IN6279_BRG0004,IN6279,CUST55529,2022-06-18,BRG0004,20,DUS,6940.3,IDR,BRND010,SLCYL,Company,"KLINIK DR. ANDRI",Lampung,Z31,Klinik,BRG0004,P,"TRAMADOL KAPSUL 50 MG",ZPJ1,"Produk jadi",201,KAPSUL
TD,CAB04,IN6280_BRG0005,IN6280,CUST55384,2022-01-24,BRG0005,1,DUS,5648.3,IDR,BRND005,SLCYL,Company,"KLINIK SAHABAT",Tangerang,Z31,Klinik,BRG0005,P,"KLORPROMAZINA TABLET SALUT SELAPUT 100 MG",ZPJ1,"Produk jadi",203,TABLET
TA,CAB09,IN6281_BRG0006,IN6281,CUST55415,2022-02-24,BRG0006,10,DUS,2819.2,IDR,BRND006,"OGB & PH",Company,"APOTEK SINAR JAYA",Bekasi,Z32,Apotek,BRG0006,P,"KETOCONAZOLE TABLET 200 MG",ZPJ1,"Produk jadi",205,TABLET
EPM,CAB01,IN6282_BRG0004,IN6282,CUST55673,2022-11-09,BRG0004,9,DUS,8700.7,IDR,BRND004,VNS,Company,"APOTEK MAJA",Kuningan,Z32,Apotek,BRG0004,P,"TRAMADOL KAPSUL 50 MG",ZPJ1,"Produk jadi",201,KAPSUL
TD,CAB03,IN6283_BRG0005,IN6283,CUST55664,2022-10-31,BRG0005,10,DUS,5648.3,IDR,BRND005,SLCYL,Company,"KLINIK DR. ANDRI",Lampung,Z31,Klinik,BRG0005,P,"KLORPROMAZINA TABLET SALUT SELAPUT 100 MG",ZPJ1,"Produk jadi",203,TABLET
TA,CAB03,IN6284_BRG0001,IN6284,CUST55540,2022-06-29,BRG0001,76,DUS,1169.91,IDR,BRND001,"OGB & PH",Company,"APOTEK MERDEKA",Bandung,Z32,Apotek,BRG0001,P,"ACYCLOVIR DUS",ZPJ1,"Produk jadi",206,DUS
EPM,CAB01,IN6285_BRG0001,IN6285,CUST55646,2022-10-13,BRG0001,130,DUS,4592.1,IDR,BRND007,ETIKAL,Company,"KLINIK SAHABAT",Tangerang,Z31,Klinik,BRG0001,P,"ACYCLOVIR DUS",ZPJ1,"Produk jadi",206,DUS
TD,CAB02,IN6286_BRG0003,IN6286,CUST55468,2022-04-18,BRG0003,120,DUS,5780.7,IDR,BRND009,VNS,Company,"APOTEK SAHABAT",Padang,Z32,Apotek,BRG0003,P,AMPICILLIN,ZPJ1,"Produk jadi",210,BOTOL
TD,CAB01,IN6287_BRG0002,IN6287,CUST55391,2022-01-31,BRG0002,17,DUS,2337.5,IDR,BRND002,ETIKAL,Company,"KLINIK SAHABAT",Tangerang,Z31,Klinik,BRG0002,P,"ALERGINE TABLET SALUT",ZPJ1,"Produk jadi",203,DUS
TA,CAB06,IN6288_BRG0003,IN6288,CUST55682,2022-11-18,BRG0003,17,DUS,10690.6,IDR,BRND003,MARCKS,Company,"KLINIK GM",Jakarta,Z31,Klinik,BRG0003,P,AMPICILLIN,ZPJ1,"Produk jadi",210,BOTOL
TD,CAB01,IN6289_BRG0003,IN6289,CUST55492,2022-05-12,BRG0003,25,DUS,10690.6,IDR,BRND003,MARCKS,Company,"APOTEK TAPAK",Aceh,Z32,Apotek,BRG0003,P,AMPICILLIN,ZPJ1,"Produk jadi",210,BOTOL
EPM,CAB06,IN6290_BRG0003,IN6290,CUST55592,2022-08-20,BRG0003,67,DUS,10690.6,IDR,BRND003,MARCKS,Company,"KLINIK GM",Jakarta,Z31,Klinik,BRG0003,P,AMPICILLIN,ZPJ1,"Produk jadi",210,BOTOL
TD,CAB08,IN6291_BRG0010,IN6291,CUST55489,2022-05-09,BRG0010,11,DUS,6940.3,IDR,BRND010,SLCYL,Company,"KLINIK SAHABAT",Tangerang,Z31,Klinik,BRG0010,P,PARACETAMOL,ZPJ1,"Produk jadi",208,BOTOL
EPM,CAB01,IN6292_BRG0002,IN6292,CUST55467,2022-04-17,BRG0002,10,DUS,3991.9,IDR,BRND008,MARCKS,Company,"APOTEK SINAR JAYA",Bekasi,Z32,Apotek,BRG0002,P,"ALERGINE TABLET SALUT",ZPJ1,"Produk jadi",203,DUS
TD,CAB08,IN6293_BRG0010,IN6293,CUST55519,2022-06-08,BRG0010,4,DUS,6940.3,IDR,BRND010,SLCYL,Company,"KLINIK SAHABAT",Tangerang,Z31,Klinik,BRG0010,P,PARACETAMOL,ZPJ1,"Produk jadi",208,BOTOL
TD,CAB05,IN6294_BRG0002,IN6294,CUST55711,2022-12-17,BRG0002,98,DUS,2337.5,IDR,BRND002,ETIKAL,Company,"APOTEK MAJA",Kuningan,Z32,Apotek,BRG0002,P,"ALERGINE TABLET SALUT",ZPJ1,"Produk jadi",203,DUS
EPM,CAB07,IN6295_BRG0004,IN6295,CUST55653,2022-10-20,BRG0004,8,DUS,8700.7,IDR,BRND004,VNS,Company,"APOTEK MERDEKA",Bandung,Z32,Apotek,BRG0004,P,"TRAMADOL KAPSUL 50 MG",ZPJ1,"Produk jadi",201,KAPSUL
TA,CAB09,IN6296_BRG0006,IN6296,CUST55685,2022-11-21,BRG0006,12,DUS,2819.2,IDR,BRND006,"OGB & PH",Company,"APOTEK SINAR JAYA",Bekasi,Z32,Apotek,BRG0006,P,"KETOCONAZOLE TABLET 200 MG",ZPJ1,"Produk jadi",205,TABLET
TD,CAB01,IN6297_BRG0002,IN6297,CUST55381,2022-01-21,BRG0002,5,DUS,2337.5,IDR,BRND002,ETIKAL,Company,"APOTEK MAJA",Kuningan,Z32,Apotek,BRG0002,P,"ALERGINE TABLET SALUT",ZPJ1,"Produk jadi",203,DUS
TA,CAB06,IN6298_BRG0003,IN6298,CUST55652,2022-10-19,BRG0003,4,DUS,10690.6,IDR,BRND003,MARCKS,Company,"KLINIK GM",Jakarta,Z31,Klinik,BRG0003,P,AMPICILLIN,ZPJ1,"Produk jadi",210,BOTOL
EPM,CAB03,IN6299_BRG0005,IN6299,CUST55514,2022-06-03,BRG0005,12,DUS,5648.3,IDR,BRND005,SLCYL,Company,"KLINIK DR. ANDRI",Lampung,Z31,Klinik,BRG0005,P,"KLORPROMAZINA TABLET SALUT SELAPUT 100 MG",ZPJ1,"Produk jadi",203,TABLET
EPM,CAB01,IN6300_BRG0008,IN6300,CUST55507,2022-05-27,BRG0008,22,DUS,3991.9,IDR,BRND008,MARCKS,Company,"APOTEK TAPAK",Aceh,Z32,Apotek,BRG0008,P,"TETRACYCLINE KAPSUL 250 MG",ZPJ1,"Produk jadi",204,KAPSUL
EPM,CAB02,IN6301_BRG0004,IN6301,CUST55393,2022-02-02,BRG0004,12,DUS,8700.7,IDR,BRND004,VNS,Company,"APOTEK SAHABAT",Padang,Z32,Apotek,BRG0004,P,"TRAMADOL KAPSUL 50 MG",ZPJ1,"Produk jadi",201,KAPSUL
EPM,CAB09,IN6302_BRG0006,IN6302,CUST55565,2022-07-24,BRG0006,120,DUS,2819.2,IDR,BRND006,"OGB & PH",Company,"APOTEK SINAR JAYA",Bekasi,Z32,Apotek,BRG0006,P,"KETOCONAZOLE TABLET 200 MG",ZPJ1,"Produk jadi",205,TABLET
TD,CAB02,IN6303_BRG0010,IN6303,CUST55539,2022-06-28,BRG0010,95,DUS,6940.3,IDR,BRND010,SLCYL,Company,"KLINIK GM",Jakarta,Z31,Klinik,BRG0010,P,PARACETAMOL,ZPJ1,"Produk jadi",208,BOTOL
TD,CAB07,IN6304_BRG0009,IN6304,CUST55728,2023-01-03,BRG0009,44,DUS,5780.7,IDR,BRND009,VNS,Company,"APOTEK MERDEKA",Bandung,Z32,Apotek,BRG0009,P,"AMBROXOL HC",ZPJ1,"Produk jadi",207,BOTOL
TA,CAB01,IN6305_BRG0004,IN6305,CUST55493,2022-05-13,BRG0004,14,DUS,8700.7,IDR,BRND004,VNS,Company,"APOTEK MAJA",Kuningan,Z32,Apotek,BRG0004,P,"TRAMADOL KAPSUL 50 MG",ZPJ1,"Produk jadi",201,KAPSUL
EPM,CAB09,IN6306_BRG0001,IN6306,CUST55430,2022-03-11,BRG0001,45,DUS,1169.91,IDR,BRND001,"OGB & PH",Company,"APOTEK SINAR JAYA",Bekasi,Z32,Apotek,BRG0001,P,"ACYCLOVIR DUS",ZPJ1,"Produk jadi",206,DUS
EPM,CAB05,IN6307_BRG0007,IN6307,CUST55396,2022-02-05,BRG0007,14,DUS,4592.1,IDR,BRND007,ETIKAL,Company,"APOTEK MAJA",Kuningan,Z32,Apotek,BRG0007,P,"ERGOTAMINE COFFEINE",ZPJ1,"Produk jadi",206,BOTOL
TD,CAB05,IN6308_BRG0007,IN6308,CUST55516,2022-06-05,BRG0007,67,DUS,4592.1,IDR,BRND007,ETIKAL,Company,"APOTEK MAJA",Kuningan,Z32,Apotek,BRG0007,P,"ERGOTAMINE COFFEINE",ZPJ1,"Produk jadi",206,BOTOL
TD,CAB01,IN6309_BRG0008,IN6309,CUST55627,2022-09-24,BRG0008,45,DUS,3991.9,IDR,BRND008,MARCKS,Company,"APOTEK TAPAK",Aceh,Z32,Apotek,BRG0008,P,"TETRACYCLINE KAPSUL 250 MG",ZPJ1,"Produk jadi",204,KAPSUL
EPM,CAB02,IN6310_BRG0004,IN6310,CUST55693,2022-11-29,BRG0004,14,DUS,8700.7,IDR,BRND004,VNS,Company,"APOTEK SAHABAT",Padang,Z32,Apotek,BRG0004,P,"TRAMADOL KAPSUL 50 MG",ZPJ1,"Produk jadi",201,KAPSUL
EPM,CAB05,IN6311_BRG0007,IN6311,CUST55426,2022-03-07,BRG0007,7,DUS,4592.1,IDR,BRND007,ETIKAL,Company,"APOTEK MAJA",Kuningan,Z32,Apotek,BRG0007,P,"ERGOTAMINE COFFEINE",ZPJ1,"Produk jadi",206,BOTOL
TD,CAB04,IN6312_BRG0006,IN6312,CUST55725,2022-12-31,BRG0006,34,DUS,2819.2,IDR,BRND006,"OGB & PH",Company,"APOTEK TAPAK",Aceh,Z32,Apotek,BRG0006,P,"KETOCONAZOLE TABLET 200 MG",ZPJ1,"Produk jadi",205,TABLET
TD,CAB03,IN6313_BRG0001,IN6313,CUST55660,2022-10-27,BRG0001,24,DUS,1169.91,IDR,BRND001,"OGB & PH",Company,"APOTEK MERDEKA",Bandung,Z32,Apotek,BRG0001,P,"ACYCLOVIR DUS",ZPJ1,"Produk jadi",206,DUS
TA,CAB01,IN6314_BRG0002,IN6314,CUST55527,2022-06-16,BRG0002,45,DUS,3991.9,IDR,BRND008,MARCKS,Company,"APOTEK SINAR JAYA",Bekasi,Z32,Apotek,BRG0002,P,"ALERGINE TABLET SALUT",ZPJ1,"Produk jadi",203,DUS
TD,CAB01,IN6315_BRG0004,IN6315,CUST55643,2022-10-10,BRG0004,14,DUS,8700.7,IDR,BRND004,VNS,Company,"APOTEK MAJA",Kuningan,Z32,Apotek,BRG0004,P,"TRAMADOL KAPSUL 50 MG",ZPJ1,"Produk jadi",201,KAPSUL
TA,CAB01,IN6316_BRG0003,IN6316,CUST55662,2022-10-29,BRG0003,120,DUS,10690.6,IDR,BRND003,MARCKS,Company,"APOTEK SINAR JAYA",Bekasi,Z32,Apotek,BRG0003,P,AMPICILLIN,ZPJ1,"Produk jadi",210,BOTOL
TD,CAB01,IN6317_BRG0003,IN6317,CUST55522,2022-06-11,BRG0003,10,DUS,10690.6,IDR,BRND003,MARCKS,Company,"APOTEK TAPAK",Aceh,Z32,Apotek,BRG0003,P,AMPICILLIN,ZPJ1,"Produk jadi",210,BOTOL
TD,CAB01,IN6318_BRG0003,IN6318,CUST55462,2022-04-12,BRG0003,22,DUS,10690.6,IDR,BRND003,MARCKS,Company,"APOTEK TAPAK",Aceh,Z32,Apotek,BRG0003,P,AMPICILLIN,ZPJ1,"Produk jadi",210,BOTOL
TD,CAB01,IN6319_BRG0004,IN6319,CUST55553,2022-07-12,BRG0004,98,DUS,8700.7,IDR,BRND004,VNS,Company,"APOTEK MAJA",Kuningan,Z32,Apotek,BRG0004,P,"TRAMADOL KAPSUL 50 MG",ZPJ1,"Produk jadi",201,KAPSUL
TD,CAB03,IN6320_BRG0006,IN6320,CUST55495,2022-05-15,BRG0006,67,DUS,2819.2,IDR,BRND006,"OGB & PH",Company,"APOTEK MERDEKA",Bandung,Z32,Apotek,BRG0006,P,"KETOCONAZOLE TABLET 200 MG",ZPJ1,"Produk jadi",205,TABLET
EPM,CAB04,IN6321_BRG0001,IN6321,CUST55410,2022-02-19,BRG0001,22,DUS,1169.91,IDR,BRND001,"OGB & PH",Company,"APOTEK TAPAK",Aceh,Z32,Apotek,BRG0001,P,"ACYCLOVIR DUS",ZPJ1,"Produk jadi",206,DUS
TD,CAB07,IN6322_BRG0009,IN6322,CUST55488,2022-05-08,BRG0009,17,DUS,5780.7,IDR,BRND009,VNS,Company,"APOTEK MERDEKA",Bandung,Z32,Apotek,BRG0009,P,"AMBROXOL HC",ZPJ1,"Produk jadi",207,BOTOL
TA,CAB03,IN6323_BRG0004,IN6323,CUST55439,2022-03-20,BRG0004,6,DUS,6940.3,IDR,BRND010,SLCYL,Company,"KLINIK DR. ANDRI",Lampung,Z31,Klinik,BRG0004,P,"TRAMADOL KAPSUL 50 MG",ZPJ1,"Produk jadi",201,KAPSUL
EPM,CAB10,IN6324_BRG0007,IN6324,CUST55686,2022-11-22,BRG0007,25,DUS,4592.1,IDR,BRND007,ETIKAL,Company,"APOTEK SAHABAT",Padang,Z32,Apotek,BRG0007,P,"ERGOTAMINE COFFEINE",ZPJ1,"Produk jadi",206,BOTOL
EPM,CAB10,IN6325_BRG0002,IN6325,CUST55521,2022-06-10,BRG0002,9,DUS,2337.5,IDR,BRND002,ETIKAL,Company,"APOTEK SAHABAT",Padang,Z32,Apotek,BRG0002,P,"ALERGINE TABLET SALUT",ZPJ1,"Produk jadi",203,DUS
TD,CAB07,IN6326_BRG0009,IN6326,CUST55458,2022-04-08,BRG0009,4,DUS,5780.7,IDR,BRND009,VNS,Company,"APOTEK MERDEKA",Bandung,Z32,Apotek,BRG0009,P,"AMBROXOL HC",ZPJ1,"Produk jadi",207,BOTOL
TD,CAB01,IN6327_BRG0009,IN6327,CUST55448,2022-03-29,BRG0009,25,DUS,5780.7,IDR,BRND009,VNS,Company,"APOTEK MAJA",Kuningan,Z32,Apotek,BRG0009,P,"AMBROXOL HC",ZPJ1,"Produk jadi",207,BOTOL
